item_id,store_id,daily_mean,daily_std,unit_cost,price,lead_time_mean,lead_time_std,annual_demand,H,EOQ,sigma_lt,Safety_Stock,ROP,Fill_Rate,Holding_Cost,Ordering_Cost,ABC_Classification
1,1,19.971522453450163,6.741022204814112,60.01,81.16,9,1,7289.605695509309,12.002,246.0,28.42242305646787,47.0,227.0,1.0,1476.246,1481.627173884006,A
1,2,28.173603504928806,8.6810127459478,60.01,81.16,9,1,10283.365279299014,12.002,293.0,38.366544998353845,63.0,317.0,0.9998641032815061,1758.2930000000001,1754.8404913479549,A
1,3,25.07009857612267,7.897390843010358,60.01,81.16,9,1,9150.585980284775,12.002,276.0,34.493896297198475,57.0,283.0,0.9999639309819339,1656.2759999999998,1657.7148515008653,A
1,4,22.93866374589266,7.348809626448035,60.01,81.16,9,1,8372.61226725082,12.002,264.0,31.815520124290096,52.0,258.0,1.0,1584.2640000000001,1585.7220203126556,A
1,5,16.739320920043813,5.772960910623246,60.01,81.16,9,1,6109.8521358159915,12.002,226.0,24.08627335111167,40.0,191.0,1.0,1356.226,1351.7371981893787,A
1,6,16.717962760131435,5.626928933018663,60.01,81.16,9,1,6102.0564074479735,12.002,225.0,23.75818262839825,39.0,189.0,1.0,1350.2250000000001,1356.0125349884386,A
1,7,15.159364731653888,5.374349268699093,60.01,81.16,9,1,5533.168127053669,12.002,215.0,22.130499534014366,36.0,172.0,0.999924339292875,1290.2150000000001,1286.7832853613183,A
1,8,26.98357064622125,8.676326067986395,60.01,81.16,9,1,9849.003285870756,12.002,286.0,37.49160961017539,62.0,305.0,0.9998161011777884,1716.286,1721.8537213060763,A
1,9,23.325848849945235,7.6877101685237434,60.01,81.16,9,1,8513.934830230011,12.002,266.0,32.80248791307607,54.0,264.0,1.0,1596.266,1600.3636898928594,A
1,10,24.736035049288063,7.941593949726497,60.01,81.16,9,1,9028.652792990142,12.002,274.0,34.34372810456954,56.0,279.0,0.9999221547563444,1644.274,1647.5643782828727,A
2,1,53.14895947426068,15.005779398454088,127.98,190.64,3,3,19399.37020810515,25.596000000000004,275.0,161.55131471094452,266.0,425.0,0.9998101918538561,3519.4500000000003,3527.158219655482,A
2,2,75.31653888280394,20.33226790341633,127.98,190.64,3,3,27490.53669222344,25.596000000000004,328.0,228.67757349126552,376.0,602.0,0.9994090641833504,4197.744000000001,4190.630593326744,A
2,3,66.80449069003286,18.47746058541778,127.98,190.64,3,3,24383.639101861994,25.596000000000004,309.0,202.9527270973445,334.0,534.0,0.9996410558325911,3954.5820000000003,3945.5726702042066,A
2,4,61.715224534501644,17.163227923210616,127.98,190.64,3,3,22526.0569550931,25.596000000000004,297.0,187.51706490964446,308.0,493.0,0.9999890935068193,3801.006,3792.265480655404,A
2,5,44.48849945235487,12.644653610328955,127.98,190.64,3,3,16238.302300109528,25.596000000000004,252.0,135.25051218562996,222.0,355.0,0.9999873795376872,3225.0960000000005,3221.8853770058586,A
2,6,44.53395399780942,12.501975621457854,127.98,190.64,3,3,16254.893209200438,25.596000000000004,252.0,135.34532024207422,223.0,357.0,1.0,3225.0960000000005,3225.1772240477057,A
2,7,40.717962760131435,11.68086483056135,127.98,190.64,3,3,14862.056407447973,25.596000000000004,241.0,123.81801254901723,204.0,326.0,1.0,3084.318,3083.414192416592,A
2,8,71.6566265060241,19.52144875629902,127.98,190.64,3,3,26154.668674698794,25.596000000000004,320.0,217.6127523484066,358.0,573.0,0.9994411541571574,4095.36,4086.6669804216867,A
2,9,61.792442497261774,16.908202365609956,127.98,190.64,3,3,22554.241511500546,25.596000000000004,297.0,187.6763583132033,309.0,494.0,0.9995543801173828,3801.006,3797.0103554714724,A
2,10,65.56681270536693,17.670753623329382,127.98,190.64,3,3,23931.886637458927,25.596000000000004,306.0,199.0673980236724,327.0,524.0,0.9997591452217658,3916.1880000000006,3910.4389930488446,A
3,1,33.20810514786418,10.072529304963512,108.65,149.08,6,3,12120.958378970427,21.730000000000004,236.0,102.6340065826163,169.0,368.0,0.9997831405317124,2564.1400000000003,2567.999656561531,A
3,2,46.99233296823658,13.546306025549484,108.65,149.08,6,3,17152.20153340635,21.730000000000004,281.0,144.82930871134326,238.0,520.0,0.9992847606332252,3053.0650000000005,3051.9931554103828,A
3,3,41.7710843373494,11.909759167435247,108.65,149.08,6,3,15246.44578313253,21.730000000000004,265.0,128.66415802786514,212.0,463.0,0.9992988526435405,2879.2250000000004,2876.6878836099113,A
3,4,38.54819277108434,11.3758759177708,108.65,149.08,6,3,14070.090361445784,21.730000000000004,254.0,118.95432657381242,196.0,427.0,0.9996688703249719,2759.7100000000005,2769.7028270562564,A
3,5,27.835706462212485,8.662269370743598,108.65,149.08,6,3,10160.032858707556,21.730000000000004,216.0,86.16059686516834,142.0,309.0,0.9999311350563073,2346.84,2351.859458034157,A
3,6,27.81106243154436,8.462773163115427,108.65,149.08,6,3,10151.037787513691,21.730000000000004,216.0,85.96980818754572,141.0,308.0,0.999975652315059,2346.84,2349.7772656281695,A
3,7,25.53121577217963,8.22527746797625,108.65,149.08,6,3,9318.893756845564,21.730000000000004,207.0,79.19922945206936,130.0,283.0,1.0,2249.0550000000003,2250.9405209771894,A
3,8,45.07612267250821,12.790330657491102,108.65,149.08,6,3,16452.784775465498,21.730000000000004,275.0,138.81018286368916,228.0,498.0,0.9983190728045375,2987.875,2991.4154137209994,A
3,9,38.53504928806134,11.469799698375612,108.65,149.08,6,3,14065.292990142389,21.730000000000004,254.0,118.97011407670833,196.0,427.0,0.9991294930097415,2759.7100000000005,2768.7584626264547,A
3,10,41.113362541073386,12.219623426567681,108.65,149.08,6,3,15006.377327491786,21.730000000000004,263.0,126.92002361734085,209.0,456.0,0.9990274472950195,2857.4950000000003,2852.923446291214,A
4,1,19.95618838992333,6.640617856680388,88.26,123.75,6,3,7284.008762322015,17.652,203.0,62.03895492831718,102.0,222.0,1.0,1791.6780000000003,1794.090828158132,A
4,2,28.234939759036145,8.655292492651848,88.26,123.75,6,3,10305.753012048193,17.652,242.0,87.3177584318776,144.0,313.0,1.0,2135.8920000000003,2129.2878124066515,A
4,3,25.116100766703177,7.981533022570806,88.26,123.75,6,3,9167.37677984666,17.652,228.0,77.84340611670986,128.0,279.0,1.0,2012.3280000000004,2010.3896447032148,A
4,4,23.086527929901425,7.432042016893025,88.26,123.75,6,3,8426.58269441402,17.652,218.0,71.61215984711149,118.0,257.0,1.0,1924.0680000000002,1932.7024528472525,A
4,5,16.776560788608982,5.7014699763632235,88.26,123.75,6,3,6123.444687842279,17.652,186.0,52.231384113320786,86.0,187.0,1.0,1641.6360000000002,1646.087281678032,A
4,6,16.754107338444687,5.856016421254839,88.26,123.75,6,3,6115.249178532311,17.652,186.0,52.269097795247745,86.0,187.0,1.0,1641.6360000000002,1643.884187777503,A
4,7,15.35815991237678,5.325964491329923,88.26,123.75,6,3,5605.728368017524,17.652,178.0,47.885833705018406,79.0,171.0,1.0,1571.0280000000002,1574.6428000049225,A
4,8,26.948521358159912,8.324552265146751,88.26,123.75,6,3,9836.210295728368,17.652,236.0,83.3774205226557,137.0,299.0,0.9999037189598299,2082.936,2083.9428592644845,A
4,9,23.150054764512596,7.593540333172657,88.26,123.75,6,3,8449.769989047098,17.652,219.0,71.89781950204409,118.0,257.0,1.0,1932.8940000000002,1929.1712303760498,A
4,10,24.721248630887185,7.768468601511454,88.26,123.75,6,3,9023.255750273822,17.652,226.0,76.5660226948435,126.0,274.0,1.0,1994.6760000000004,1996.2955199720845,A
5,1,16.612814895947427,5.672102368390276,24.15,39.64,7,1,6063.67743702081,4.83,354.0,22.387381171309492,37.0,153.0,1.0,854.9100000000001,856.4516153984196,A
5,2,23.54052573932092,7.757471028920607,24.15,39.64,7,1,8592.291894852136,4.83,422.0,31.231472098436676,51.0,216.0,1.0,1019.13,1018.0440633711062,A
5,3,20.857612267250822,6.841332049638906,24.15,39.64,7,1,7613.02847754655,4.83,397.0,27.61642190771439,45.0,191.0,1.0,958.755,958.8197074995655,A
5,4,19.525191675794087,6.621068124851542,24.15,39.64,7,1,7126.694961664842,4.83,384.0,26.231715761153986,43.0,180.0,1.0,927.3599999999999,927.955073133443,A
5,5,14.086527929901424,5.157270627152052,24.15,39.64,7,1,5141.58269441402,4.83,326.0,19.611536180821993,32.0,131.0,1.0,787.29,788.5863028242362,A
5,6,13.893209200438116,5.187877111908688,24.15,39.64,7,1,5071.021358159913,4.83,324.0,19.529970414340124,32.0,129.0,1.0,782.46,782.5650244073939,A
5,7,12.733844468784227,4.731280252574304,24.15,39.64,7,1,4647.853231106243,4.83,310.0,17.856256179669455,29.0,118.0,1.0,748.6500000000001,749.6537469526197,A
5,8,22.427710843373493,7.196610992028767,24.15,39.64,7,1,8186.114457831325,4.83,412.0,29.420072774690716,48.0,205.0,1.0,994.98,993.4604924552578,A
5,9,19.272179627601314,6.473115179211064,24.15,39.64,7,1,7034.34556407448,4.83,382.0,25.782270040899423,42.0,177.0,1.0,922.53,920.7258591720523,A
5,10,20.637458926615555,6.746363721088281,24.15,39.64,7,1,7532.672508214678,4.83,395.0,27.28550302171937,45.0,189.0,1.0,953.9250000000001,953.5028491410985,A
6,1,53.06078860898138,14.826415753312865,28.65,39.64,9,3,19367.187842278207,5.73,581.0,165.27985063846663,272.0,750.0,0.9999135467954328,1664.5649999999998,1666.711518268348,A
6,2,74.94523548740416,20.31921317035493,28.65,39.64,9,3,27355.010952902518,5.73,691.0,232.95263191284855,383.0,1058.0,0.9993701373636601,1979.715,1979.378505998735,A
6,3,67.00711938663746,18.511320600714885,28.65,39.64,9,3,24457.598576122673,5.73,653.0,208.5512103774462,343.0,946.0,0.9993700514457986,1870.8450000000003,1872.710457589791,A
6,4,61.27053669222344,16.89156967124068,28.65,39.64,9,3,22363.745892661555,5.73,625.0,190.66891233917312,314.0,865.0,0.9997410781360543,1790.625,1789.0996714129244,A
6,5,44.56462212486309,12.992956460450404,28.65,39.64,9,3,16266.08707557503,5.73,533.0,139.2601959083606,229.0,630.0,0.9999899414592931,1527.045,1525.8993504291773,A
6,6,44.50383351588171,12.808183881300264,28.65,39.64,9,3,16243.899233296825,5.73,532.0,138.930799132225,229.0,630.0,0.9999345643622416,1524.18,1526.6822587684987,A
6,7,40.70372398685652,11.973182698536855,28.65,39.64,9,3,14856.85925520263,5.73,509.0,127.28453265411578,209.0,575.0,0.9999972489683632,1458.2849999999999,1459.4164297841482,A
6,8,71.95837897042716,19.744405648484822,28.65,39.64,9,3,26264.808324205915,5.73,677.0,223.85407909209917,368.0,1016.0,0.9991739643500404,1939.605,1939.7938201038344,A
6,9,61.41237677984666,17.214210126898887,28.65,39.64,9,3,22415.51752464403,5.73,625.0,191.33813385832394,315.0,868.0,0.9998418788428439,1790.625,1793.2414019715225,A
6,10,65.61226725082146,17.92754802529398,28.65,39.64,9,3,23948.47754654983,5.73,646.0,204.052197557223,336.0,927.0,0.9995743963663665,1850.79,1853.5973333242903,A
7,1,52.78368017524644,15.073837512491583,9.07,21.04,9,1,19266.04326396495,1.814,1031.0,69.50612986650667,114.0,589.0,1.0,935.1170000000001,934.3376946636736,A
7,2,75.05859802847755,20.456364920469728,9.07,21.04,9,1,27396.388280394305,1.814,1229.0,96.95338534489342,159.0,835.0,0.9999806576402321,1114.7030000000002,1114.5804833358138,A
7,3,66.64786418400877,18.324899994798123,9.07,21.04,9,1,24326.4704271632,1.814,1158.0,86.39534384828994,142.0,742.0,1.0,1050.306,1050.3657351970294,A
7,4,61.62541073384447,17.121288213951008,9.07,21.04,9,1,22493.274917853232,1.814,1114.0,80.2242970618106,132.0,687.0,1.0,1010.398,1009.5724828479907,A
7,5,44.53559693318729,12.855278457459367,9.07,21.04,9,1,16255.492880613361,1.814,947.0,58.913012587752554,97.0,498.0,1.0,858.9290000000001,858.2625596944754,A
7,6,44.59912376779847,12.809297962819405,9.07,21.04,9,1,16278.68017524644,1.814,947.0,58.87091700965775,97.0,498.0,1.0,858.9290000000001,859.4868096751024,A
7,7,40.70974808324206,11.776925814283352,9.07,21.04,9,1,14859.058050383352,1.814,905.0,53.90312999926102,89.0,455.0,1.0,820.835,820.9424337228372,A
7,8,71.73055859802848,19.32974760240622,9.07,21.04,9,1,26181.653888280394,1.814,1201.0,92.23895770302133,152.0,798.0,1.0,1089.307,1089.9939170807825,A
7,9,61.812157721796275,17.05829762497516,9.07,21.04,9,1,22561.43756845564,1.814,1115.0,80.2471962312972,132.0,688.0,1.0,1011.3050000000002,1011.7236577782797,A
7,10,65.80777656078861,18.040070005222688,9.07,21.04,9,1,24019.838444687844,1.814,1151.0,85.20364187060726,140.0,732.0,1.0,1043.957,1043.433468492087,A
8,1,69.47207009857613,18.75197999518291,81.8,174.57,13,1,25357.305585980284,16.36,394.0,96.94145822298165,159.0,1062.0,0.9235705424608097,3222.92,3217.932180961965,A
8,2,99.09036144578313,26.278863743512723,81.8,174.57,13,1,36167.98192771084,16.36,470.0,137.10004583116427,226.0,1514.0,0.9173715842074461,3844.6000000000004,3847.657651884132,A
8,3,87.51752464403067,23.59180191032694,81.8,174.57,13,1,31943.896495071196,16.36,442.0,122.04412171713922,201.0,1339.0,0.9194543989847859,3615.56,3613.562951931131,A
8,4,80.81982475355969,21.98978246348033,81.8,174.57,13,1,29499.236035049285,16.36,425.0,113.21661096977567,186.0,1237.0,0.9217398980181537,3476.5,3470.498357064622,A
8,5,58.565717415115,16.577697741741485,81.8,174.57,13,1,21376.486856516975,16.36,361.0,83.68156348779661,138.0,899.0,0.9340923978328085,2952.98,2960.7322515951487,A
8,6,58.3855421686747,16.349380254070606,81.8,174.57,13,1,21310.722891566264,16.36,361.0,82.96867231267842,136.0,895.0,0.9318774819995256,2952.98,2951.623669192003,A
8,7,53.72398685651698,14.759977157343643,81.8,174.57,13,1,19609.255202628698,16.36,346.0,75.62014809340292,124.0,822.0,0.9364138502505679,2830.28,2833.7073992238,A
8,8,94.46111719605696,25.4148024963656,81.8,174.57,13,1,34478.30777656079,16.36,459.0,131.60456329097306,216.0,1444.0,0.9172888559684027,3754.62,3755.8069473377764,A
8,9,81.28751369112815,22.184729479731182,81.8,174.57,13,1,29669.942497261778,16.36,426.0,114.04283743067974,188.0,1245.0,0.9204025126043475,3484.68,3482.3876170495046,A
8,10,86.17688937568455,23.332895994055235,81.8,174.57,13,1,31454.56462212486,16.36,438.0,120.43242388813387,198.0,1318.0,0.9209792962700135,3582.84,3590.7037239868564,A
9,1,46.50492880613363,13.247495615289699,51.65,124.21,6,1,16974.299014238775,10.33,405.0,56.70701229765395,93.0,372.0,0.9999711153100892,2091.8250000000003,2095.592470893676,A
9,2,65.47809419496167,18.191487152079485,51.65,124.21,6,1,23899.50438116101,10.33,481.0,79.20203310666912,130.0,523.0,0.9997505868043336,2484.365,2484.3559647776515,A
9,3,58.486856516977,15.819567986003419,51.65,124.21,6,1,21347.702628696607,10.33,455.0,70.1588538448296,115.0,466.0,1.0,2350.0750000000003,2345.901387768858,A
9,4,54.04381161007667,15.17710054196546,51.65,124.21,6,1,19725.991237677987,10.33,437.0,65.59573048995665,108.0,432.0,0.9999813756753905,2257.105,2256.978402480319,A
9,5,38.83734939759036,11.438476112007995,51.65,124.21,6,1,14175.632530120482,10.33,370.0,47.88916498353649,79.0,312.0,0.9999537098650064,1911.0500000000002,1915.626017583849,A
9,6,39.460021905805036,11.469735796102563,51.65,124.21,6,1,14402.907995618838,10.33,373.0,48.439884023405675,80.0,317.0,1.0,1926.545,1930.6847179113724,A
9,7,35.90197152245345,10.534573293073308,51.65,124.21,6,1,13104.219605695509,10.33,356.0,44.21328947275761,73.0,288.0,1.0,1838.7399999999998,1840.4802816988074,A
9,8,63.19331872946331,17.532291280033675,51.65,124.21,6,1,23065.561336254108,10.33,473.0,76.40473124886448,126.0,505.0,0.9999876052008577,2443.045,2438.2200144031826,A
9,9,54.10569550930997,15.157738667624574,51.65,124.21,6,1,19748.57886089814,10.33,437.0,65.61987911938098,108.0,433.0,0.9998863575316029,2257.105,2259.562798729764,A
9,10,57.886637458926614,16.122910338490772,51.65,124.21,6,1,21128.622672508216,10.33,452.0,70.07533248582757,115.0,462.0,1.0,2334.58,2337.2370212951564,A
10,1,66.35432639649507,18.283007318668947,74.27,144.53,9,1,24219.3291347207,14.854,404.0,86.08897630395614,142.0,739.0,0.9758379233464991,3000.508,2997.4417245941463,A
10,2,94.09748083242059,24.927276674708015,74.27,144.53,9,1,34345.58050383352,14.854,481.0,120.19425111362331,198.0,1045.0,0.9654074421424579,3572.3869999999997,3570.2266636001573,A
10,3,83.38773274917854,22.43318829554403,74.27,144.53,9,1,30436.52245345017,14.854,453.0,107.15757279342616,176.0,926.0,0.9691819223117577,3364.431,3359.439564398473,A
10,4,77.04764512595838,20.800248350388312,74.27,144.53,9,1,28122.39047097481,14.854,435.0,99.14732776225541,163.0,856.0,0.972218717414351,3230.745,3232.4586748246907,A
10,5,55.509857612267254,15.561707878292284,74.27,144.53,9,1,20261.098028477547,14.854,369.0,72.53168315252253,119.0,619.0,0.9819403003104578,2740.563,2745.406236921077,A
10,6,55.56516976998905,15.601804335368005,74.27,144.53,9,1,20281.286966046002,14.854,370.0,72.65146095048382,120.0,620.0,0.9804401815189827,2747.99,2740.714454871081,A
10,7,51.1566265060241,14.357952401413218,74.27,144.53,9,1,18672.168674698794,14.854,355.0,66.87568773424371,110.0,570.0,0.9854286608328793,2636.585,2629.882911929408,A
10,8,89.81818181818181,23.903523398950767,74.27,144.53,9,1,32783.63636363636,14.854,470.0,114.93350974838299,189.0,997.0,0.9684876816610714,3490.6900000000005,3487.620889748549,A
10,9,77.105147864184,20.93724231962572,74.27,144.53,9,1,28143.378970427162,14.854,435.0,99.45107777552847,164.0,858.0,0.9710312643931208,3230.745,3234.8711460261106,A
10,10,82.23220153340635,22.046893317626733,74.27,144.53,9,1,30014.75355969332,14.854,450.0,105.53068043777643,174.0,914.0,0.9682266437865196,3342.15,3334.972617743702,A
11,1,63.217962760131435,17.230416731004862,7.46,13.91,13,3,23074.556407447973,1.492,1244.0,199.56986678676088,328.0,1150.0,1.0,928.024,927.4339392061082,A
11,2,89.30996714129245,24.163105109792117,7.46,13.91,13,3,32598.138006571742,1.492,1478.0,281.73845230659913,463.0,1624.0,1.0,1102.588,1102.778687637745,A
11,3,79.29134720700986,21.377327681138716,7.46,13.91,13,3,28941.3417305586,1.492,1393.0,250.04985799106436,411.0,1442.0,1.0,1039.178,1038.8134145929146,A
11,4,73.40087623220154,20.32430973871155,7.46,13.91,13,3,26791.319824753562,1.492,1340.0,232.07586269905545,382.0,1336.0,1.0,999.64,999.6761128639388,A
11,5,52.9802847754655,15.140317042190254,7.46,13.91,13,3,19337.803943044906,1.492,1138.0,168.05408288940578,276.0,965.0,1.0,848.948,849.6398920494247,A
11,6,53.031763417305584,14.9833909456812,7.46,13.91,13,3,19356.59364731654,1.492,1139.0,168.01737242126546,276.0,965.0,1.0,849.6940000000001,849.718772928733,A
11,7,48.393209200438115,13.693907770397603,7.46,13.91,13,3,17663.521358159913,1.492,1088.0,153.34576844755233,252.0,881.0,1.0,811.648,811.7427094742608,A
11,8,85.4972617743702,22.89306273230243,7.46,13.91,13,3,31206.500547645122,1.492,1446.0,269.4461655223236,443.0,1554.0,1.0,1078.7160000000001,1079.062951163386,A
11,9,73.16867469879519,19.632431208949164,7.46,13.91,13,3,26706.566265060243,1.492,1338.0,230.63719394726118,379.0,1330.0,1.0,998.148,998.0032236569597,A
11,10,78.27217962760132,21.43874008163066,7.46,13.91,13,3,28569.34556407448,1.492,1384.0,247.21217895694318,407.0,1425.0,1.0,1032.464,1032.1295362743672,A
12,1,63.23384446878423,17.63687215477114,96.16,194.28,5,3,23080.353231106244,19.232,346.0,193.75749810972542,319.0,635.0,0.9994422883528562,3327.1360000000004,3335.3111605644863,A
12,2,89.35049288061336,24.078885021248897,96.16,194.28,5,3,32612.929901423875,19.232,412.0,273.4054840733987,450.0,897.0,0.9981077236102385,3961.792,3957.87984240581,A
12,3,79.08378970427164,21.305477849543646,96.16,194.28,5,3,28865.583242059147,19.232,387.0,241.98724982505198,398.0,793.0,0.9983902546977922,3721.392,3729.4035196458844,A
12,4,73.10295728368017,19.882705970997375,96.16,194.28,5,3,26682.57940854326,19.232,372.0,223.76995163833274,368.0,734.0,0.9988171692549697,3577.152,3586.3682000730187,A
12,5,53.049288061336256,14.845460799253761,96.16,194.28,5,3,19362.990142387735,19.232,317.0,162.57300269738084,267.0,532.0,0.9996539814289301,3048.272,3054.099391543807,A
12,6,52.872398685651696,14.833491703107816,96.16,194.28,5,3,19298.42552026287,19.232,317.0,162.04807084782394,267.0,531.0,0.9999026689856839,3048.272,3043.9156972023457,A
12,7,48.54874041621029,13.971794721067424,96.16,194.28,5,3,17720.29025191676,19.232,304.0,148.95931324574295,245.0,488.0,0.9995405324282515,2923.264,2914.521423012625,A
12,8,85.64403066812706,22.856006913255527,96.16,194.28,5,3,31260.071193866377,19.232,403.0,261.9658091466169,431.0,859.0,0.9980079603416042,3875.2479999999996,3878.420743655878,A
12,9,73.4052573932092,20.050786334172663,96.16,194.28,5,3,26792.918948521357,19.232,373.0,224.73352326647415,370.0,737.0,0.9993988509683065,3586.768,3591.544094976053,A
12,10,78.05859802847755,21.533468439146052,96.16,194.28,5,3,28491.388280394305,19.232,385.0,239.07478714963116,393.0,783.0,0.9986494501332686,3702.16,3700.1802961551043,A
13,1,76.1593647316539,20.374851875929718,116.04,168.16,8,1,27798.168127053672,23.208000000000002,346.0,95.50563097565347,157.0,766.0,0.9704231843595985,4014.9840000000004,4017.076318938392,A
13,2,107.90306681270536,28.47970527423545,116.04,168.16,8,1,39384.61938663746,23.208000000000002,412.0,134.65444934217982,221.0,1084.0,0.962019585415786,4780.848000000001,4779.686818766681,A
13,3,96.21467688937568,25.708032396050186,116.04,168.16,8,1,35118.35706462213,23.208000000000002,389.0,120.60052854916471,198.0,968.0,0.9652367834186016,4513.956000000001,4513.927643267625,A
13,4,88.60460021905806,23.66821487279393,116.04,168.16,8,1,32340.67907995619,23.208000000000002,373.0,111.05066565355227,183.0,892.0,0.9664199495820752,4328.292,4335.211672916379,A
13,5,64.3959474260679,17.61457568942069,116.04,168.16,8,1,23504.520810514787,23.208000000000002,318.0,81.41882005192377,134.0,649.0,0.9738682338320979,3690.072,3695.679372722451,A
13,6,64.32475355969332,17.957215837210533,116.04,168.16,8,1,23478.53504928806,23.208000000000002,318.0,81.95954322413344,135.0,650.0,0.9763307024453521,3690.072,3691.5935612088147,A
13,7,58.547645125958375,16.137429560115628,116.04,168.16,8,1,21369.890470974806,23.208000000000002,303.0,74.23718618224095,122.0,590.0,0.9756134423557411,3516.0120000000006,3526.3845661674595,A
13,8,103.81982475355969,27.25720940041439,116.04,168.16,8,1,37894.23603504929,23.208000000000002,404.0,129.31434462674338,213.0,1044.0,0.960118115915506,4688.0160000000005,4689.88069740709,A
13,9,88.51150054764513,23.628659849747464,116.04,168.16,8,1,32306.697699890472,23.208000000000002,373.0,110.90894580490938,182.0,890.0,0.9669985961675627,4328.292,4330.656528135452,A
13,10,94.68455640744797,25.040551270691005,116.04,168.16,8,1,34559.863088718506,23.208000000000002,386.0,118.24296548038718,194.0,951.0,0.9634459097623125,4479.144,4476.666203201879,A
14,1,53.14895947426068,14.769971072823912,26.42,50.34,14,2,19399.37020810515,5.284000000000001,606.0,119.80557670524017,197.0,941.0,0.9857776972551862,1601.0520000000001,1600.6081029789725,A
14,2,75.35980284775465,20.077174520540325,26.42,50.34,14,2,27506.32803943045,5.284000000000001,721.0,168.40338670942776,277.0,1332.0,0.9685025008489392,1904.882,1907.5123467011408,A
14,3,66.84118291347207,18.37204462182285,26.42,50.34,14,2,24397.031763417304,5.284000000000001,679.0,150.32106726369534,247.0,1183.0,0.9735124240418748,1793.9180000000001,1796.541366967401,A
14,4,61.75684556407448,17.017509748611335,26.42,50.34,14,2,22541.248630887185,5.284000000000001,653.0,138.96032105862784,229.0,1094.0,0.9786447928684366,1725.2260000000003,1725.9761585671658,A
14,5,44.91237677984666,12.997955166571627,26.42,50.34,14,2,16393.01752464403,5.284000000000001,557.0,102.14569051717514,168.0,797.0,0.9907840536200516,1471.594,1471.5455587651732,A
14,6,44.61555312157722,12.781581746421852,26.42,50.34,14,2,16284.676889375685,5.284000000000001,555.0,101.23909308435954,167.0,792.0,0.9910144461795705,1466.3100000000002,1467.0880080518637,A
14,7,41.02245345016429,11.67608677664056,26.42,50.34,14,2,14973.195509309966,5.284000000000001,532.0,92.95160451601981,153.0,727.0,0.9936849123785009,1405.544,1407.2552170404103,A
14,8,71.60295728368017,19.488516380210577,26.42,50.34,14,2,26135.07940854326,5.284000000000001,703.0,160.70210252793336,264.0,1266.0,0.9685489646606886,1857.3260000000002,1858.8249934952532,A
14,9,61.45837897042716,17.0873555237632,26.42,50.34,14,2,22432.308324205915,5.284000000000001,652.0,138.5504148165111,228.0,1088.0,0.9801733736426141,1722.584,1720.2690432673246,A
14,10,66.10021905805039,18.18433255956673,26.42,50.34,14,2,24126.57995618839,5.284000000000001,676.0,148.6819933516021,245.0,1170.0,0.9736135178313314,1785.9920000000002,1784.510351789082,A
15,1,79.68072289156626,21.72579883545793,22.2,44.55,4,1,29083.463855421687,4.44,809.0,90.75824447772067,149.0,468.0,0.9999846037351339,1795.98,1797.4946758604258,A
15,2,112.578860898138,29.676051356715117,22.2,44.55,4,1,41091.28422782037,4.44,962.0,127.26614639262037,209.0,659.0,1.0,2135.64,2135.721633462597,A
15,3,100.42332968236583,26.84261349539768,22.2,44.55,4,1,36654.51533406353,4.44,909.0,113.87251091262702,187.0,589.0,1.0,2017.98,2016.199963369831,A
15,4,92.6538882803943,24.40032851107405,22.2,44.55,4,1,33818.66922234392,4.44,873.0,104.71985074124734,172.0,543.0,1.0,1938.06,1936.9226358730766,A
15,5,66.98740416210296,18.345074517868618,22.2,44.55,4,1,24450.402519167583,4.44,742.0,76.3772174973764,126.0,394.0,1.0,1647.2399999999998,1647.6012479223439,A
15,6,66.66867469879519,18.202792924235933,22.2,44.55,4,1,24334.066265060243,4.44,740.0,75.96103518952482,125.0,392.0,0.9999865987895357,1642.8000000000002,1644.1936665581245,A
15,7,61.13910186199343,16.893488542574964,22.2,44.55,4,1,22315.772179627602,4.44,709.0,69.85377296212178,115.0,360.0,0.9999799063269497,1573.98,1573.7498011020875,A
15,8,108.04764512595838,28.265442910817473,22.2,44.55,4,1,39437.39047097481,4.44,942.0,121.94275160518465,201.0,633.0,1.0,2091.24,2093.2797489901704,A
15,9,93.13745892661555,24.610616907203017,22.2,44.55,4,1,33995.17250821467,4.44,875.0,105.34379959693607,173.0,546.0,1.0,1942.5,1942.5812861836955,A
15,10,98.99069003285871,25.993917536482538,22.2,44.55,4,1,36131.601861993426,4.44,902.0,111.81185853367847,184.0,580.0,1.0,2002.4399999999998,2002.860413635999,A
16,1,23.332420591456735,7.6147377184698835,26.46,44.85,12,2,8516.333515881708,5.292000000000001,401.0,53.6042737930437,88.0,368.0,1.0,1061.046,1061.8869720550758,A
16,2,32.95016429353779,9.843778786366071,26.46,44.85,12,2,12026.809967141293,5.292000000000001,477.0,74.20008812274726,122.0,517.0,0.9998361243406565,1262.142,1260.6719043125045,A
16,3,29.142935377875137,8.881493576305653,26.46,44.85,12,2,10637.171412924425,5.292000000000001,448.0,65.90761615706889,108.0,458.0,0.9999613568386803,1185.4080000000001,1187.1843094781725,A
16,4,27.176889375684556,8.414725017089683,26.46,44.85,12,2,9919.564622124863,5.292000000000001,433.0,61.67677382865939,101.0,427.0,1.0,1145.718,1145.446261215342,A
16,5,19.38937568455641,6.252326860590423,26.46,44.85,12,2,7077.122124863089,5.292000000000001,366.0,44.41723372529401,73.0,306.0,1.0,968.4360000000001,966.8199624129903,A
16,6,19.617196056955095,6.464631701628875,26.46,44.85,12,2,7160.2765607886095,5.292000000000001,368.0,45.17560271872993,74.0,309.0,1.0,973.7280000000001,972.8636631506263,A
16,7,17.754107338444687,6.122162488164283,26.46,44.85,12,2,6480.249178532311,5.292000000000001,350.0,41.35944622353994,68.0,281.0,1.0,926.1,925.749882647473,A
16,8,31.50985761226725,9.66139961394118,26.46,44.85,12,2,11501.098028477547,5.292000000000001,466.0,71.35542177707717,117.0,495.0,0.9998714625420425,1233.036,1234.0233936134707,A
16,9,26.997809419496168,8.455199947820969,26.46,44.85,12,2,9854.2004381161,5.292000000000001,432.0,61.42810210072687,101.0,425.0,1.0,1143.0720000000001,1140.5324581152895,A
16,10,28.690032858707557,8.84566478751972,26.46,44.85,12,2,10471.861993428258,5.292000000000001,445.0,65.04937638542643,107.0,451.0,0.9999960740435389,1177.47,1176.6137071267706,A
17,1,29.972070098576122,9.116823995621408,30.47,67.81,11,1,10939.805585980284,6.094,424.0,42.57471389724753,70.0,400.0,1.0,1291.9279999999999,1290.0714134410712,A
17,2,42.568455640744794,12.276136624995903,30.47,67.81,11,1,15537.48630887185,6.094,505.0,58.90511226056089,97.0,565.0,0.9992673837665996,1538.735,1538.3649810764207,A
17,3,37.75301204819277,11.014103248773782,30.47,67.81,11,1,13779.849397590362,6.094,476.0,52.532895340273505,86.0,501.0,0.9998095787823158,1450.372,1447.4631720157943,A
17,4,34.55202628696605,10.452123268667407,30.47,67.81,11,1,12611.489594742607,6.094,455.0,48.94444002736979,81.0,461.0,0.999820792034043,1386.3850000000002,1385.8779774442426,A
17,5,25.06736035049288,8.038629838844864,30.47,67.81,11,1,9149.586527929901,6.094,387.0,36.59491524087875,60.0,336.0,0.9999097949187478,1179.189,1182.1171224715633,A
17,6,25.058598028477547,7.719774643987141,30.47,67.81,11,1,9146.388280394305,6.094,387.0,35.825653675072466,59.0,335.0,0.9999231735644755,1179.189,1181.7039121956468,A
17,7,22.82475355969332,7.292853365672893,30.47,67.81,11,1,8331.035049288063,6.094,370.0,33.25676152913876,55.0,306.0,0.9999106398188967,1127.39,1125.8155472010894,A
17,8,40.2907995618839,11.429559979848445,30.47,67.81,11,1,14706.141840087625,6.094,491.0,55.3202655814159,91.0,534.0,0.9994517360763228,1496.077,1497.570452147416,A
17,9,34.7486308871851,10.515054350193179,30.47,67.81,11,1,12683.250273822561,6.094,456.0,49.231061296670376,81.0,463.0,0.9998121171481975,1389.432,1390.707266866509,A
17,10,37.11281489594742,11.01587298430158,30.47,67.81,11,1,13546.17743702081,6.094,471.0,52.078835078847305,86.0,494.0,0.9999001817901337,1435.137,1438.0230824862854,A
18,1,76.34556407447974,21.0531089568771,74.68,109.7,7,1,27866.130887185103,14.936000000000002,432.0,94.50544392309611,155.0,689.0,0.9917360450654766,3226.1760000000004,3225.246630461239,A
18,2,108.1171960569551,28.581274836103475,74.68,109.7,7,1,39462.77656078861,14.936000000000002,514.0,131.93768598098208,217.0,974.0,0.983342224221669,3838.5520000000006,3838.791494240137,A
18,3,96.0909090909091,25.547237033577858,74.68,109.7,7,1,35073.181818181816,14.936000000000002,485.0,117.48230526452073,193.0,866.0,0.9844925512104283,3621.9800000000005,3615.791940018744,A
18,4,88.50164293537787,23.637334006675143,74.68,109.7,7,1,32303.099671412925,14.936000000000002,465.0,108.36791829163725,178.0,798.0,0.9869885732093044,3472.620000000001,3473.451577571282,A
18,5,64.08050383351588,17.411587480621275,74.68,109.7,7,1,23389.383899233297,14.936000000000002,396.0,78.92055892937236,130.0,579.0,0.9937094191243427,2957.3280000000004,2953.205037781982,A
18,6,63.72562979189485,17.677003721277227,74.68,109.7,7,1,23259.854874041623,14.936000000000002,395.0,79.04613283588249,130.0,576.0,0.9958123526820424,2949.8600000000006,2944.2854270938765,A
18,7,58.74589266155531,16.190308181468872,74.68,109.7,7,1,21442.25082146769,14.936000000000002,379.0,72.7046247337784,120.0,531.0,0.997077314173504,2830.3720000000003,2828.792984362492,A
18,8,103.82037239868565,27.502478913396004,74.68,109.7,7,1,37894.435925520265,14.936000000000002,504.0,126.78081144114165,209.0,936.0,0.9824196050646847,3763.8720000000003,3759.368643404788,A
18,9,88.61062431544359,24.079846104822487,74.68,109.7,7,1,32342.87787513691,14.936000000000002,465.0,109.13622524439914,180.0,800.0,0.9887995614376998,3472.620000000001,3477.7288037781623,A
18,10,94.71960569550932,24.888160117538227,74.68,109.7,7,1,34572.6560788609,14.936000000000002,481.0,115.35920986798715,190.0,853.0,0.9855107979782509,3592.108,3593.831193228784,A
19,1,36.67688937568455,11.10061986993504,39.23,92.07,8,1,13387.064622124863,7.846,413.0,48.28026829099622,79.0,372.0,1.0,1620.1989999999998,1620.7100026785547,A
19,2,51.81982475355969,14.432644169475548,39.23,92.07,8,1,18914.23603504929,7.846,491.0,65.96744636008893,109.0,524.0,0.999432113853615,1926.1929999999998,1926.0932825915775,A
19,3,45.85432639649507,13.180833964956966,39.23,92.07,8,1,16736.8291347207,7.846,462.0,59.09732922366636,97.0,464.0,0.9999975574309058,1812.426,1811.3451444502925,A
19,4,42.43592552026287,12.375074446398365,39.23,92.07,8,1,15489.112814895947,7.846,444.0,55.00861310006381,90.0,429.0,0.9998785051912619,1741.812,1744.2694611369309,A
19,5,30.704819277108435,9.383807025727268,39.23,92.07,8,1,11207.259036144578,7.846,378.0,40.5861134035842,67.0,313.0,1.0,1482.894,1482.4416714476956,A
19,6,30.484118291347208,9.331579596730068,39.23,92.07,8,1,11126.70317634173,7.846,377.0,40.322555600578205,66.0,310.0,1.0,1478.971,1475.6900764378952,A
19,7,28.180175246440307,8.852388342505778,39.23,92.07,8,1,10285.763964950713,7.846,362.0,37.6966909934061,62.0,287.0,1.0,1420.126,1420.6856305180543,A
19,8,49.446878422782035,14.007499893418348,39.23,92.07,8,1,18048.110624315443,7.846,480.0,63.3614568319756,104.0,500.0,0.9999025389730781,1883.04,1880.011523366192,A
19,9,42.58762322015334,12.197203368766775,39.23,92.07,8,1,15544.48247535597,7.846,445.0,54.807661979819834,90.0,431.0,1.0,1745.735,1746.5710646467383,A
19,10,45.36473165388828,12.92119610898522,39.23,92.07,8,1,16558.12705366922,7.846,459.0,58.25476245873921,96.0,459.0,1.0,1800.6570000000002,1803.717543972682,A
20,1,42.89047097480832,12.181551157384636,48.7,65.33,14,3,15655.021905805039,9.740000000000002,401.0,136.5056597521421,225.0,825.0,0.9700044503782822,1952.8700000000001,1951.9977438659648,A
20,2,60.97809419496166,16.97613350895492,48.7,65.33,14,3,22257.00438116101,9.740000000000002,478.0,193.64813262626785,319.0,1173.0,0.9619147782240333,2327.86,2328.1385335942477,A
20,3,54.24370208105148,15.028312140554428,48.7,65.33,14,3,19798.95125958379,9.740000000000002,451.0,172.17234174000166,283.0,1042.0,0.9684634964044185,2196.3700000000003,2195.0056828806864,A
20,4,50.02245345016429,14.01361528566214,48.7,65.33,14,3,18258.195509309968,9.740000000000002,433.0,158.96399727550983,261.0,961.0,0.9695970006853273,2108.7100000000005,2108.336663892606,A
20,5,36.34775465498357,10.749709796505554,48.7,65.33,14,3,13266.930449069003,9.740000000000002,369.0,116.22487283734553,191.0,700.0,0.9792610272407706,1797.03,1797.687052719377,A
20,6,36.19660460021906,10.577526420542362,48.7,65.33,14,3,13211.760679079956,9.740000000000002,368.0,115.57735320443707,190.0,697.0,0.979453585842906,1792.1600000000003,1795.0761792228202,A
20,7,33.2513691128149,10.012584453555004,48.7,65.33,14,3,12136.749726177439,9.740000000000002,353.0,106.55706356241215,175.0,641.0,0.98129555862667,1719.1100000000004,1719.0863634812235,A
20,8,58.0460021905805,15.910229944456349,48.7,65.33,14,3,21186.790799561884,9.740000000000002,466.0,184.0324459685752,303.0,1116.0,0.9626923321434282,2269.42,2273.2608154036357,A
20,9,49.943044906900326,14.08133081876751,48.7,65.33,14,3,18229.21139101862,9.740000000000002,433.0,158.82299549479592,261.0,960.0,0.9697457123307647,2108.7100000000005,2104.989768016007,A
20,10,53.23986856516977,14.90868897277108,48.7,65.33,14,3,19432.552026286965,9.740000000000002,447.0,169.1807274483253,278.0,1023.0,0.9700914124398216,2176.8900000000003,2173.6635376159916,A
21,1,36.1763417305586,10.840796057378663,84.62,126.25,14,1,13204.364731653888,16.924000000000003,279.0,54.351152050472955,89.0,595.0,0.939988208644925,2360.898,2366.3736078232773,A
21,2,51.75629791894852,14.69314540724072,84.62,126.25,14,1,18891.04874041621,16.924000000000003,334.0,75.50598440978982,124.0,849.0,0.9253655858667508,2826.3080000000004,2828.00130844554,A
21,3,45.95564074479737,13.114989999428563,84.62,126.25,14,1,16773.80887185104,16.924000000000003,315.0,67.23066557647958,111.0,754.0,0.9304225468893652,2665.5300000000007,2662.5093447382606,A
21,4,42.29463307776561,12.13570498833603,84.62,126.25,14,1,15437.541073384447,16.924000000000003,302.0,62.05393367932255,102.0,694.0,0.9335033216565654,2555.5240000000003,2555.884283672922,A
21,5,30.491785323110623,9.445108229576265,84.62,126.25,14,1,11129.501642935378,16.924000000000003,256.0,46.676438861039884,77.0,504.0,0.9475078789846997,2166.2720000000004,2173.730789635816,A
21,6,30.82420591456736,9.344387227461947,84.62,126.25,14,1,11250.835158817086,16.924000000000003,258.0,46.610918114302414,77.0,509.0,0.9476025884817671,2183.1960000000004,2180.3944106234662,A
21,7,28.210843373493976,8.603211420184111,84.62,126.25,14,1,10296.9578313253,16.924000000000003,247.0,42.80263003845929,70.0,465.0,0.9515677144741312,2090.114,2084.4044192966194,A
21,8,49.65334063526834,13.96060140444414,84.62,126.25,14,1,18123.469331872944,16.924000000000003,327.0,72.069631040229,119.0,814.0,0.9270987309370156,2767.0740000000005,2771.172680714518,A
21,9,42.575027382256295,12.266676571461355,84.62,126.25,14,1,15539.884994523547,16.924000000000003,303.0,62.60376916866601,103.0,699.0,0.9331790204639907,2563.9860000000003,2564.3374578421694,A
21,10,45.23274917853231,13.209960575659503,84.62,126.25,14,1,16509.953450164292,16.924000000000003,312.0,67.0003314618272,110.0,743.0,0.9315353313333531,2640.1440000000002,2645.8258734237647,A
22,1,72.78148959474261,19.808007435050463,17.14,36.5,14,2,26565.243702081054,3.4280000000000004,880.0,163.34497583389796,269.0,1288.0,0.9889530616216581,1508.3200000000002,1509.3888467091508,A
22,2,103.00985761226725,27.062057779618048,17.14,36.5,14,2,37598.59802847755,3.4280000000000004,1047.0,229.55847328935977,378.0,1820.0,0.9732931650882422,1794.5580000000002,1795.5395429072375,A
22,3,91.84556407447974,24.49177048332101,17.14,36.5,14,2,33523.63088718511,3.4280000000000004,989.0,205.28099293491567,338.0,1624.0,0.9781030679767395,1695.146,1694.8246151256374,A
22,4,84.6341730558598,22.34292665002486,17.14,36.5,14,2,30891.47316538883,3.4280000000000004,949.0,188.7873464865545,311.0,1496.0,0.9846480128225407,1626.5860000000002,1627.5802510742271,A
22,5,61.38828039430449,16.899083369815234,17.14,36.5,14,2,22406.722343921138,3.4280000000000004,808.0,138.1021004237029,227.0,1086.0,0.9944283562650523,1384.9120000000003,1386.5546004901694,A
22,6,61.030668127053666,16.87508145222163,17.14,36.5,14,2,22276.19386637459,3.4280000000000004,806.0,137.42535080692303,226.0,1080.0,0.9946073444053257,1381.4840000000002,1381.897882529441,A
22,7,56.02354874041621,15.851260481475785,17.14,36.5,14,2,20448.595290251917,3.4280000000000004,772.0,126.77628515539294,209.0,993.0,0.9965691877152985,1323.208,1324.390886674347,A
22,8,98.91456736035049,26.362475121373723,17.14,36.5,14,2,36103.81708652793,3.4280000000000004,1026.0,221.05675259464917,364.0,1749.0,0.9752498965692558,1758.564,1759.445277121244,A
22,9,84.86308871851041,22.803625909468288,17.14,36.5,14,2,30975.0273822563,3.4280000000000004,951.0,189.96591871188028,312.0,1500.0,0.9845874362301066,1630.0140000000001,1628.5503355550104,A
22,10,90.53121577217962,24.116097286445555,17.14,36.5,14,2,33043.89375684556,3.4280000000000004,982.0,202.30128569380392,333.0,1600.0,0.9771434353705399,1683.1480000000001,1682.4793155216678,A
23,1,26.46987951807229,8.460734233286027,26.33,65.51,14,1,9661.506024096385,5.266,428.0,41.265371129185745,68.0,439.0,1.0,1126.924,1128.6806102916337,A
23,2,37.56900328587076,11.089123526909509,26.33,65.51,14,1,13712.686199342827,5.266,510.0,55.97312976977953,92.0,618.0,0.9960349428151307,1342.83,1344.3809999355713,A
23,3,33.38992332968237,9.936907117539716,26.33,65.51,14,1,12187.322015334064,5.266,481.0,49.97275960799671,82.0,549.0,0.9987687055553307,1266.473,1266.8733903673663,A
23,4,30.737130339539977,9.346007060756731,26.33,65.51,14,1,11219.052573932091,5.266,462.0,46.55793222669875,77.0,507.0,0.9992378467705589,1216.446,1214.1831789969797,A
23,5,22.348849945235486,7.211968081470972,26.33,65.51,14,1,8157.330230010953,5.266,394.0,35.03777767480177,58.0,371.0,1.0,1037.4019999999998,1035.1941916257554,A
23,6,22.246440306681272,7.33455330972153,26.33,65.51,14,1,8119.950711938664,5.266,393.0,35.32765938839979,58.0,369.0,1.0,1034.769,1033.0726096614078,A
23,7,20.243702081051477,6.820458851471811,26.33,65.51,14,1,7388.95125958379,5.266,375.0,32.57404947455951,54.0,337.0,0.9999718936906957,987.375,985.1935012778385,A
23,8,35.991785323110626,10.62462574437966,26.33,65.51,14,1,13137.001642935378,5.266,499.0,53.62616918686969,88.0,592.0,0.997252618451527,1313.867,1316.3328299534446,A
23,9,30.88170865279299,9.41390545566616,26.33,65.51,14,1,11271.82365826944,5.266,463.0,46.84423713020722,77.0,509.0,0.9992121733802138,1219.079,1217.2595743271534,A
23,10,33.100219058050385,9.977746744078704,26.33,65.51,14,1,12081.57995618839,5.266,479.0,49.89389264165051,82.0,545.0,0.9989330578765133,1261.207,1261.1252563870971,A
24,1,60.0,16.642839589115848,54.57,79.61,6,1,21900.0,10.914000000000001,448.0,72.53898715542043,119.0,479.0,1.0,2444.7360000000003,2444.1964285714284,A
24,2,84.78258488499452,22.555607828050007,54.57,79.61,6,1,30945.643483023,10.914000000000001,532.0,101.19594540661225,166.0,675.0,0.9991509685661226,2903.1240000000003,2908.425139381861,A
24,3,75.1538882803943,20.356248509146813,54.57,79.61,6,1,27431.16922234392,10.914000000000001,501.0,90.19073147424207,148.0,599.0,0.9994132161548277,2733.9570000000003,2737.6416389564793,A
24,4,69.11938663745893,18.834447800568686,54.57,79.61,6,1,25228.576122672508,10.914000000000001,481.0,83.10179392078498,137.0,552.0,0.9999371082367245,2624.8170000000005,2622.5131104649176,A
24,5,50.14676889375684,14.286360310593269,54.57,79.61,6,1,18303.570646221247,10.914000000000001,410.0,61.149807653241446,101.0,402.0,1.0,2237.3700000000003,2232.1427617342983,A
24,6,50.508214676889374,14.370791853948237,54.57,79.61,6,1,18435.49835706462,10.914000000000001,411.0,61.56458154575383,101.0,404.0,1.0,2242.827,2242.7613573071317,A
24,7,45.7447973713034,12.831790051723965,54.57,79.61,6,1,16696.85104052574,10.914000000000001,391.0,55.502391859547274,91.0,365.0,1.0,2133.687,2135.147191883087,A
24,8,81.20700985761226,22.081316099770508,54.57,79.61,6,1,29640.558598028478,10.914000000000001,521.0,97.57092586525066,160.0,647.0,0.9992810749510292,2843.097,2844.5833587359384,A
24,9,69.46604600219058,18.7241605675682,54.57,79.61,6,1,25355.10679079956,10.914000000000001,482.0,83.24119581636795,137.0,554.0,0.9996962240163042,2630.2740000000003,2630.197799875473,A
24,10,74.31763417305586,20.338259676623476,54.57,79.61,6,1,27125.93647316539,10.914000000000001,499.0,89.47055151904883,147.0,593.0,0.9995573282433584,2723.043,2718.0297067299994,A
25,1,72.73603504928806,19.7993879647175,62.57,96.65,13,1,26548.652792990142,12.514000000000001,461.0,101.9153360579136,168.0,1114.0,0.9338193744932806,2884.4770000000003,2879.463426571599,A
25,2,103.42606790799562,27.691475560575665,62.57,96.65,13,1,37750.5147864184,12.514000000000001,549.0,143.7552891767631,236.0,1581.0,0.925794896931372,3435.0930000000003,3438.1161007667024,A
25,3,91.8395399780942,24.18567429725542,62.57,96.65,13,1,33521.43209200438,12.514000000000001,518.0,126.6444236401901,208.0,1402.0,0.9283490536770762,3241.126,3235.659468340192,A
25,4,85.02245345016429,22.64351586293122,62.57,96.65,13,1,31033.195509309968,12.514000000000001,498.0,117.87405197471573,194.0,1299.0,0.9270297332446205,3115.9860000000003,3115.782681657627,A
25,5,61.20043811610077,17.241279545204716,62.57,96.65,13,1,22338.15991237678,12.514000000000001,422.0,87.2347178033454,143.0,939.0,0.9426827488047882,2640.454,2646.7014114190497,A
25,6,61.36418400876232,17.02894904428843,62.57,96.65,13,1,22397.92716319825,12.514000000000001,423.0,86.80650581177586,143.0,941.0,0.9426736406851718,2646.7110000000002,2647.5091209454195,A
25,7,56.3986856516977,15.748811772452715,62.57,96.65,13,1,20585.52026286966,12.514000000000001,406.0,80.03210407338358,132.0,865.0,0.9418225198794726,2540.3420000000006,2535.1625939494656,A
25,8,99.24479737130339,26.217170736198284,62.57,96.65,13,1,36224.35104052574,12.514000000000001,538.0,137.0582005704646,225.0,1515.0,0.9255317474239092,3366.2660000000005,3366.5753755135447,A
25,9,85.13691128148959,23.09835755507874,62.57,96.65,13,1,31074.9726177437,12.514000000000001,498.0,119.09759546355941,196.0,1303.0,0.9305951983950886,3115.9860000000003,3119.9771704561945,A
25,10,90.49507119386638,24.130495179572378,62.57,96.65,13,1,33030.70098576123,12.514000000000001,514.0,125.53488869366436,206.0,1382.0,0.9260993912354687,3216.098,3213.103208731637,A
26,1,43.23603504928806,12.84890633145044,104.29,159.18,12,3,15781.152792990142,20.858000000000004,275.0,137.13250988741524,226.0,745.0,0.9629446678851189,2867.9750000000004,2869.3005078163897,A
26,2,61.10350492880613,17.032884191267385,104.29,159.18,12,3,22302.779299014237,20.858000000000004,327.0,192.572517659554,317.0,1050.0,0.9531457475919038,3410.2830000000004,3410.2109019899444,A
26,3,54.19496166484118,15.357807235879088,104.29,159.18,12,3,19781.16100766703,20.858000000000004,308.0,171.06779868173754,281.0,931.0,0.9561872168348481,3212.1320000000005,3211.227436309583,A
26,4,49.90197152245345,14.326284931781363,104.29,159.18,12,3,18214.21960569551,20.858000000000004,296.0,157.71737423571577,259.0,858.0,0.958461341382015,3086.9840000000004,3076.7262847458633,A
26,5,36.35596933187295,10.762049505230475,104.29,159.18,12,3,13269.928806133626,20.858000000000004,252.0,115.26347673559546,190.0,626.0,0.969868301403589,2628.108,2632.9223821693704,A
26,6,36.157721796276014,10.44931868061912,104.29,159.18,12,3,13197.568455640745,20.858000000000004,252.0,114.3533416221042,188.0,622.0,0.9724905195856214,2628.108,2618.565169769989,A
26,7,33.01807228915663,9.999627489348311,104.29,159.18,12,3,12051.596385542169,20.858000000000004,240.0,104.93640206494847,173.0,569.0,0.9746735447843778,2502.9600000000005,2510.7492469879517,A
26,8,58.62212486308872,16.469902248805912,104.29,159.18,12,3,21397.075575027382,20.858000000000004,320.0,184.88935575688166,304.0,1007.0,0.9581092474729997,3337.2800000000007,3343.293058598029,A
26,9,50.13307776560789,14.044794523491616,104.29,159.18,12,3,18298.573384446878,20.858000000000004,296.0,158.07278201751745,260.0,862.0,0.9551393250529925,3086.9840000000004,3090.97523385927,A
26,10,53.71741511500548,14.91565668536938,104.29,159.18,12,3,19606.856516977,20.858000000000004,307.0,169.2328808240586,278.0,923.0,0.9586025709192131,3201.7030000000004,3193.2991069995114,A
27,1,20.05093099671413,6.640278233867997,32.12,47.94,9,1,7318.589813800657,6.4239999999999995,338.0,28.26445628423836,46.0,226.0,0.9999943439233941,1085.656,1082.6316292604522,A
27,2,28.338992332968235,8.836200874140442,32.12,47.94,9,1,10343.732201533407,6.4239999999999995,401.0,38.80469687346462,64.0,319.0,0.999976115125097,1288.012,1289.7421697672578,A
27,3,25.09090909090909,8.026835439517933,32.12,47.94,9,1,9158.181818181818,6.4239999999999995,378.0,34.77678109840205,57.0,283.0,1.0,1214.136,1211.3997113997114,A
27,4,23.11171960569551,7.334109061519842,32.12,47.94,9,1,8435.77765607886,6.4239999999999995,362.0,31.910092207148153,52.0,260.0,1.0,1162.744,1165.1626596794006,A
27,5,16.763417305585982,5.848488683178539,32.12,47.94,9,1,6118.647316538883,6.4239999999999995,309.0,24.266345803532648,40.0,191.0,1.0,992.508,990.0723813169714,A
27,6,16.809419496166484,5.9213881186654005,32.12,47.94,9,1,6135.438116100767,6.4239999999999995,309.0,24.456535303778168,40.0,191.0,1.0,992.508,992.7893391748814,A
27,7,15.213581599123767,5.4785611137822885,32.12,47.94,9,1,5552.957283680175,6.4239999999999995,294.0,22.396087871997292,37.0,174.0,1.0,944.328,944.3804904217986,A
27,8,27.04435925520263,8.335414031028883,32.12,47.94,9,1,9871.19112814896,6.4239999999999995,392.0,36.83353785807878,61.0,304.0,1.0,1259.104,1259.080501039408,A
27,9,23.3723986856517,7.53558749175498,32.12,47.94,9,1,8530.92552026287,6.4239999999999995,364.0,32.516683870501005,53.0,263.0,1.0,1169.168,1171.8304286075372,A
27,10,24.701533406352684,7.778943679617702,32.12,47.94,9,1,9016.05969331873,6.4239999999999995,375.0,33.98195750043154,56.0,278.0,1.0,1204.4999999999998,1202.1412924424974,A
28,1,79.56681270536693,21.460002283316964,45.87,107.7,14,2,29041.886637458927,9.174,563.0,178.24408688190286,293.0,1407.0,0.9415081645525265,2582.4809999999998,2579.2084047476847,A
28,2,112.63800657174151,29.52652601087096,45.87,107.7,14,2,41112.87239868565,9.174,669.0,250.9077568223264,413.0,1990.0,0.9279408100058146,3068.703,3072.7109416058033,A
28,3,100.1434830230011,26.21979182856215,45.87,107.7,14,2,36552.3713033954,9.174,631.0,223.02366138456324,367.0,1769.0,0.9318573560516255,2894.397,2896.384413898209,A
28,4,92.552573932092,24.77253730101431,45.87,107.7,14,2,33781.68948521358,9.174,607.0,207.01549755137526,341.0,1637.0,0.9326562942349278,2784.309,2782.676234366852,A
28,5,66.98083242059145,18.130762915813442,45.87,107.7,14,2,24448.003833515882,9.174,516.0,150.1594870188145,247.0,1185.0,0.9480898663064642,2366.892,2368.992619526733,A
28,6,66.460569550931,18.147186068258108,45.87,107.7,14,2,24258.107886089816,9.174,514.0,149.25988841909364,246.0,1176.0,0.9481705116995621,2357.7180000000003,2359.738121214963,A
28,7,61.104052573932094,17.064169462884976,45.87,107.7,14,2,22302.979189485213,9.174,493.0,137.88191787266456,227.0,1082.0,0.9514843747146838,2261.391,2261.9654350390683,A
28,8,107.8132530120482,28.37897465278865,45.87,107.7,14,2,39351.83734939759,9.174,655.0,240.35373292913584,395.0,1904.0,0.9258492266230169,3004.485,3003.957049572335,A
28,9,92.78751369112815,25.049403846154824,45.87,107.7,14,2,33867.44249726178,9.174,608.0,207.90071584916143,342.0,1641.0,0.9325310238097526,2788.896,2785.1515211563965,A
28,10,98.76615553121577,26.15116381717615,45.87,107.7,14,2,36049.646768893756,9.174,627.0,220.43906432291936,363.0,1746.0,0.9297867179611569,2876.049,2874.7724696087525,A
29,1,63.08652792990142,17.27708639482617,64.4,122.56,11,1,23026.58269441402,12.880000000000003,423.0,85.22549421087211,140.0,834.0,0.959444912436267,2724.1200000000003,2721.818285391728,A
29,2,88.973713033954,23.452998619221862,64.4,122.56,11,1,32475.40525739321,12.880000000000003,502.0,118.18120069458527,194.0,1173.0,0.9466512272804911,3232.8800000000006,3234.60211727024,A
29,3,79.68181818181819,21.508254374231498,64.4,122.56,11,1,29083.86363636364,12.880000000000003,475.0,106.94787149473085,176.0,1052.0,0.9525972676889904,3059.0000000000005,3061.459330143541,A
29,4,73.24370208105148,20.267019603339662,64.4,122.56,11,1,26733.95125958379,12.880000000000003,456.0,99.41284028817162,164.0,970.0,0.9552943586357021,2936.6400000000003,2931.3543047789244,A
29,5,52.775465498357065,14.883362796739075,64.4,122.56,11,1,19263.04490690033,12.880000000000003,387.0,72.26277830322607,119.0,700.0,0.967119289097817,2492.2800000000007,2488.765491847588,A
29,6,53.251916757940855,14.727294914617136,64.4,122.56,11,1,19436.949616648413,12.880000000000003,388.0,72.26058406156046,119.0,705.0,0.968836859212911,2498.7200000000003,2504.7615485371666,A
29,7,48.51807228915663,13.521366219664268,64.4,122.56,11,1,17709.09638554217,12.880000000000003,371.0,66.06893466346257,109.0,643.0,0.9709199019018092,2389.2400000000002,2386.6706719059525,A
29,8,85.23165388828039,23.296198883376697,64.4,122.56,11,1,31109.553669222343,12.880000000000003,491.0,115.0403256735823,189.0,1127.0,0.9511651739963463,3162.0400000000004,3167.9789887191796,A
29,9,73.18784227820372,20.305995741842228,64.4,122.56,11,1,26713.562431544357,12.880000000000003,455.0,99.45917932038292,164.0,969.0,0.955897213580703,2930.2000000000007,2935.5563111587207,A
29,10,78.23767798466594,20.75335718350436,64.4,122.56,11,1,28556.752464403067,12.880000000000003,471.0,104.20582725874553,171.0,1032.0,0.9531090140300921,3033.2400000000002,3031.5023847561642,A
30,1,36.31818181818182,10.938035594429483,8.3,18.83,9,3,13256.136363636364,1.6600000000000001,894.0,113.78865751555236,187.0,514.0,1.0,742.0200000000001,741.3946512100874,A
30,2,51.825301204819276,14.838773184979061,8.3,18.83,9,3,18916.234939759037,1.6600000000000001,1067.0,161.72340372206324,266.0,732.0,1.0,885.6100000000001,886.4215060805546,A
30,3,45.948521358159915,13.15115831155976,8.3,18.83,9,3,16771.210295728368,1.6600000000000001,1005.0,143.38052942932268,236.0,650.0,1.0,834.1500000000001,834.3885719267846,A
30,4,42.48849945235487,12.17084453544732,8.3,18.83,9,3,15508.302300109528,1.6600000000000001,967.0,132.5919242705569,218.0,600.0,1.0,802.6100000000001,801.8770579167285,A
30,5,30.738773274917854,9.223507633740192,8.3,18.83,9,3,11219.652245345016,1.6600000000000001,822.0,96.27828145354594,158.0,435.0,1.0,682.2600000000001,682.4605988652686,A
30,6,30.665936473165388,9.255882135638872,8.3,18.83,9,3,11193.066812705367,1.6600000000000001,821.0,96.09702974059859,158.0,434.0,1.0,681.4300000000001,681.6727656946022,A
30,7,28.07995618838992,8.72371437783384,8.3,18.83,9,3,10249.184008762322,1.6600000000000001,786.0,88.21158761064954,145.0,398.0,1.0,652.3800000000001,651.9837155701223,A
30,8,49.22015334063527,14.14138971987375,8.3,18.83,9,3,17965.355969331875,1.6600000000000001,1040.0,153.6340508571098,253.0,696.0,1.0,863.2,863.7190369871095,A
30,9,42.54819277108434,12.387140018100403,8.3,18.83,9,3,15530.090361445784,1.6600000000000001,967.0,132.944008940683,219.0,602.0,1.0,802.6100000000001,803.003638130599,A
30,10,45.53669222343921,13.098364252597161,8.3,18.83,9,3,16620.892661555314,1.6600000000000001,1001.0,142.14927844598262,234.0,644.0,1.0,830.8300000000002,830.2144186591066,A
31,1,53.008214676889374,14.954009436787588,88.06,125.43,3,1,19347.99835706462,17.612000000000002,331.0,58.997779771257385,97.0,256.0,0.9999556974175814,2914.786,2922.658362094354,A
31,2,75.27656078860898,20.380803979487027,88.06,125.43,3,1,27475.944687842275,17.612000000000002,395.0,83.14260109421623,137.0,363.0,0.9999866626951136,3478.370000000001,3477.967682005351,A
31,3,66.97426067907996,18.42787926986206,88.06,125.43,3,1,24445.605147864186,17.612000000000002,373.0,74.19104930288553,122.0,323.0,0.999976666238881,3284.638,3276.8907704911776,A
31,4,61.30887185104053,16.625871838728198,88.06,125.43,3,1,22377.738225629793,17.612000000000002,356.0,67.73504713839621,111.0,295.0,0.999983592421157,3134.936,3142.940762026656,A
31,5,44.698247535596934,12.76872751712705,88.06,125.43,3,1,16314.860350492881,17.612000000000002,304.0,49.87037737949664,82.0,216.0,1.0,2677.0240000000003,2683.365189225803,A
31,6,44.63088718510405,12.803792630819155,88.06,125.43,3,1,16290.273822562978,17.612000000000002,304.0,49.837008418729766,82.0,216.0,0.9999899722481969,2677.0240000000003,2679.3213523952268,A
31,7,41.015334063526836,12.100618588200684,88.06,125.43,3,1,14970.596933187295,17.612000000000002,292.0,46.06009703630713,76.0,199.0,0.9999835746940787,2571.3520000000003,2563.4583789704275,A
31,8,71.97754654983571,19.565836586247713,88.06,125.43,3,1,26271.804490690032,17.612000000000002,386.0,79.55647736855255,131.0,347.0,0.9999379367699812,3399.1160000000004,3403.083483250004,A
31,9,61.604052573932094,16.806859819499394,88.06,125.43,3,1,22485.479189485213,17.612000000000002,357.0,68.13568011334957,112.0,297.0,0.999914889918258,3143.742,3149.2267772388254,A
31,10,65.94906900328587,17.975756328208433,88.06,125.43,3,1,24071.410186199344,17.612000000000002,370.0,72.9291652846345,120.0,318.0,1.0,3258.2200000000003,3252.8932684053166,A
32,1,39.83789704271632,11.464107598378614,26.21,42.4,3,1,14540.832420591458,5.242000000000001,527.0,44.51219304716037,73.0,193.0,1.0,1381.267,1379.585618651941,A
32,2,56.7552026286966,15.876191799940827,26.21,42.4,3,1,20715.64895947426,5.242000000000001,629.0,63.065945038744445,104.0,274.0,1.0,1648.6090000000002,1646.71295385328,A
32,3,50.039430449069,14.459185088685278,26.21,42.4,3,1,18264.392113910184,5.242000000000001,590.0,55.9566680562182,92.0,242.0,1.0,1546.39,1547.82984016188,A
32,4,46.06297918948521,13.4015692680221,26.21,42.4,3,1,16812.9874041621,5.242000000000001,566.0,51.58104524287707,85.0,223.0,1.0,1483.486,1485.2462371167933,A
32,5,33.25739320920044,10.064096641076056,26.21,42.4,3,1,12138.94852135816,5.242000000000001,481.0,37.54879927073736,62.0,162.0,1.0,1260.701,1261.8449606401414,A
32,6,33.443044906900326,9.955148091213022,26.21,42.4,3,1,12206.711391018618,5.242000000000001,483.0,37.62648233889129,62.0,162.0,0.9999125562498739,1265.9430000000002,1263.6347195671447,A
32,7,30.66867469879518,9.33934227224974,26.21,42.4,3,1,11194.06626506024,5.242000000000001,462.0,34.67329736288737,57.0,149.0,1.0,1210.902,1211.4790330151775,A
32,8,54.00492880613363,15.226598134910258,26.21,42.4,3,1,19711.799014238775,5.242000000000001,613.0,60.10058408735908,99.0,261.0,1.0,1606.6730000000002,1607.813948959117,A
32,9,46.40470974808324,13.32020649591402,26.21,42.4,3,1,16937.719058050385,5.242000000000001,568.0,51.82355439455327,85.0,224.0,1.0,1488.728,1490.9963959551394,A
32,10,49.3433734939759,14.058852908628534,26.21,42.4,3,1,18010.331325301206,5.242000000000001,586.0,55.02474482526351,91.0,239.0,0.9999478571558119,1535.9060000000002,1536.7176898721166,A
33,1,62.755750273822564,17.178148984470695,11.53,22.36,11,2,22905.848849945236,2.306,997.0,137.83727216388502,227.0,917.0,1.0,1149.541,1148.7386584726798,A
33,2,89.31161007667032,24.056323109956267,11.53,22.36,11,2,32598.737677984667,2.306,1189.0,195.6323804364338,322.0,1304.0,0.999948807399703,1370.9170000000001,1370.8468325477152,A
33,3,79.12924424972618,21.167039489347523,11.53,22.36,11,2,28882.17415115006,2.306,1119.0,173.1306684279561,285.0,1155.0,1.0,1290.207,1290.5350380317273,A
33,4,73.37842278203723,19.53755091643753,11.53,22.36,11,2,26783.12431544359,2.306,1078.0,160.42582888629212,264.0,1071.0,1.0,1242.9340000000002,1242.2599404194616,A
33,5,53.15717415115005,15.192101246508834,11.53,22.36,11,2,19402.36856516977,2.306,917.0,117.65007436490939,194.0,779.0,1.0,1057.3010000000002,1057.9263121684717,A
33,6,52.67250821467689,14.814139116405205,11.53,22.36,11,2,19225.465498357065,2.306,913.0,116.23948718857586,191.0,770.0,1.0,1052.689,1052.8732474456224,A
33,7,48.33515881708653,13.844120116871979,11.53,22.36,11,2,17642.332968236584,2.306,875.0,107.02058956764387,176.0,708.0,1.0,1008.875,1008.133312470662,A
33,8,85.34501642935378,23.130133813251266,11.53,22.36,11,2,31150.930996714127,2.306,1162.0,187.13663807420147,308.0,1247.0,1.0,1339.786,1340.4015058827079,A
33,9,73.15991237677984,19.97328771732113,11.53,22.36,11,2,26703.368017524645,2.306,1076.0,160.61676612527168,264.0,1069.0,1.0,1240.628,1240.8628260931525,A
33,10,78.36473165388828,21.47024814626502,11.53,22.36,11,2,28603.127053669225,2.306,1114.0,172.14764528981465,283.0,1145.0,1.0,1284.442,1283.802830056967,A
34,1,23.274917853231106,7.499406049090722,80.35,190.29,13,1,8495.345016429354,16.07,230.0,35.6771072991275,59.0,362.0,0.9715958506425674,1848.0500000000002,1846.8141340063812,A
34,2,33.09145673603505,9.781439699200009,80.35,190.29,13,1,12078.381708652792,16.07,274.0,48.361553144734685,80.0,510.0,0.9558178236652629,2201.5899999999997,2204.0842534037943,A
34,3,29.092004381161008,8.837979787257979,80.35,190.29,13,1,10618.581599123769,16.07,257.0,43.148270489942455,71.0,449.0,0.9619170904129977,2064.995,2065.871906444313,A
34,4,27.001095290251918,8.602898454206038,80.35,190.29,13,1,9855.39978094195,16.07,248.0,41.12404832269329,68.0,419.0,0.9681862837315274,1992.68,1986.9757622866834,A
34,5,19.64841182913472,6.5748495641649205,80.35,190.29,13,1,7171.6703176341725,16.07,211.0,30.790136337721478,51.0,306.0,0.9813548428190088,1695.385,1699.4479425673394,A
34,6,19.657721796276014,6.563371841533242,80.35,190.29,13,1,7175.068455640745,16.07,211.0,30.764233702674833,51.0,307.0,0.9813344291518596,1695.385,1700.2531885404608,A
34,7,17.981380065717413,6.168206902799625,80.35,190.29,13,1,6563.203723986856,16.07,202.0,28.599617518639366,47.0,281.0,0.9861516219849342,1623.07,1624.5553772244693,A
34,8,31.730558598028477,9.547327958117497,80.35,190.29,13,1,11581.653888280394,16.07,268.0,46.816636719877636,77.0,489.0,0.9592983203721459,2153.38,2160.756322440372,A
34,9,27.07393209200438,8.464883760461563,80.35,190.29,13,1,9881.985213581598,16.07,248.0,40.79832277113976,67.0,419.0,0.9680882107720526,1992.68,1992.3357285446768,A
34,10,28.806133625410734,8.935917099706058,80.35,190.29,13,1,10514.238773274918,16.07,256.0,43.21864553420974,71.0,445.0,0.9628446694778424,2056.96,2053.5622604052573,A
35,1,59.49507119386637,16.482759039571405,98.45,193.47,11,1,21715.700985761225,19.69,332.0,80.79701911262278,133.0,787.0,0.9477965846827627,3268.5400000000004,3270.4368954459674,A
35,2,84.66265060240964,22.91380146132052,98.45,193.47,11,1,30901.86746987952,19.69,396.0,113.76831579364553,187.0,1118.0,0.9374610358885004,3898.620000000001,3901.750943166606,A
35,3,74.62322015334064,19.878573519912717,98.45,193.47,11,1,27237.475355969334,19.69,372.0,99.57589830428982,164.0,985.0,0.9412182512924253,3662.34,3660.950988705556,A
35,4,68.97042716319825,19.151514165494337,98.45,193.47,11,1,25174.205914567363,19.69,358.0,93.7630271813814,154.0,913.0,0.9425743088249131,3524.51,3515.950546727285,A
35,5,50.1829134720701,14.265868970365329,98.45,193.47,11,1,18316.763417305585,19.69,305.0,68.97093588477128,113.0,665.0,0.9529725686342373,3002.7250000000004,3002.748101197637,A
35,6,49.97152245345016,14.142533131638606,98.45,193.47,11,1,18239.605695509308,19.69,304.0,68.53668166383697,113.0,663.0,0.952978126752664,2992.88,2999.935147287715,A
35,7,46.04874041621029,13.217395389347065,98.45,193.47,11,1,16807.79025191676,19.69,292.0,63.57815225044829,105.0,612.0,0.9555870161714052,2874.7400000000002,2878.0462760131436,A
35,8,80.8433734939759,21.787506849006252,98.45,193.47,11,1,29507.831325301206,19.69,387.0,108.43108889768158,178.0,1067.0,0.9402944824982471,3810.0150000000003,3812.3813081784506,A
35,9,69.57667031763417,18.827810473034575,98.45,193.47,11,1,25395.48466593647,19.69,359.0,93.48937892500072,154.0,919.0,0.9406259008214687,3534.3550000000005,3536.9755802139925,A
35,10,73.6434830230011,20.268889818932877,98.45,193.47,11,1,26879.8713033954,19.69,369.0,99.71193224068772,164.0,974.0,0.9418304893184238,3632.8050000000003,3642.2589841999193,A
36,1,69.30996714129245,19.17064763482564,84.06,163.6,6,1,25298.138006571742,16.812,388.0,83.71949551662931,138.0,554.0,0.9980675922619673,3261.5280000000002,3260.0693307437814,A
36,2,98.77053669222344,25.99461329735309,84.06,163.6,6,1,36051.24589266156,16.812,463.0,117.5156944469266,193.0,786.0,0.9930671780173417,3891.978,3893.223098559564,A
36,3,87.75848849945235,23.73348011967117,84.06,163.6,6,1,32031.84830230011,16.812,436.0,105.26737754524652,173.0,700.0,0.9941542266404423,3665.0160000000005,3673.377098887627,A
36,4,81.02683461117196,21.848741352470448,84.06,163.6,6,1,29574.794633077767,16.812,419.0,97.10588509060163,160.0,646.0,0.9939085370143279,3522.114,3529.2117700570125,A
36,5,58.565717415115,16.308340817654,84.06,163.6,6,1,21376.486856516975,16.812,357.0,70.89227840671833,117.0,468.0,0.9986453587319032,3000.9420000000005,2993.905722201257,A
36,6,58.86199342825849,16.514322921582746,84.06,163.6,6,1,21484.627601314347,16.812,357.0,71.42178546982863,117.0,470.0,0.9988314477148732,3000.9420000000005,3009.0514847779195,A
36,7,53.555312157721794,15.155177486332203,84.06,163.6,6,1,19547.688937568455,16.812,341.0,65.16324031357254,107.0,428.0,0.998794236576217,2866.446,2866.230049496841,A
36,8,94.3658269441402,25.047654609271856,84.06,163.6,6,1,34443.52683461117,16.812,453.0,112.55762658924397,185.0,751.0,0.9931769702622912,3807.918,3801.713778654654,A
36,9,81.44797371303396,21.88164374260337,84.06,163.6,6,1,29728.510405257395,16.812,421.0,97.50184828621634,160.0,649.0,0.9948571624541308,3538.9260000000004,3530.7019483678614,A
36,10,86.62650602409639,23.26449793502978,84.06,163.6,6,1,31618.67469879518,16.812,434.0,103.68979087141045,171.0,691.0,0.9951576593980044,3648.204,3642.704458386542,A
37,1,26.424424972617743,8.312725700591358,44.49,67.88,11,3,9644.915115005477,8.898000000000001,329.0,83.93073102569483,138.0,429.0,0.9996800941802734,1463.7210000000002,1465.7925706695255,A
37,2,37.359255202628695,10.991711163157817,44.49,67.88,11,3,13636.128148959473,8.898000000000001,391.0,117.85762767378878,194.0,605.0,0.9977774106834462,1739.5590000000002,1743.7504026802394,A
37,3,33.4408543263965,10.04401579534419,44.49,67.88,11,3,12205.911829134722,8.898000000000001,370.0,105.70866297982299,174.0,542.0,0.9992356361897643,1646.13,1649.4475444776651,A
37,4,30.736582694414018,9.373886674379879,44.49,67.88,11,3,11218.852683461117,8.898000000000001,355.0,97.30983972240548,160.0,498.0,0.9988165897266799,1579.3950000000002,1580.120096262129,A
37,5,22.289156626506024,7.061969351671529,44.49,67.88,11,3,8135.542168674699,8.898000000000001,302.0,70.85085779615999,117.0,362.0,0.9998220640569395,1343.5980000000002,1346.944067661374,A
37,6,22.43209200438116,7.2085215708602846,44.49,67.88,11,3,8187.713581599124,8.898000000000001,303.0,71.41694043327766,117.0,364.0,0.9998988841870036,1348.0470000000003,1351.1078517490305,A
37,7,20.249726177437022,6.6993405875908145,44.49,67.88,11,3,7391.150054764513,8.898000000000001,288.0,64.68504850229736,106.0,329.0,1.0,1281.3120000000001,1283.1857733966167,A
37,8,36.02738225629792,10.926369532972076,44.49,67.88,11,3,13149.994523548741,8.898000000000001,384.0,113.99557672582895,188.0,584.0,0.9971647442655471,1708.4160000000002,1712.2388702537426,A
37,9,30.84830230010953,9.392593401977212,44.49,67.88,11,3,11259.63033953998,8.898000000000001,356.0,97.64726679305474,161.0,500.0,0.9986389990622594,1583.844,1581.4087555533679,A
37,10,32.77601314348302,9.863156553160644,44.49,67.88,11,3,11963.244797371302,8.898000000000001,367.0,103.62675217987709,170.0,531.0,0.9988575702268392,1632.7830000000001,1629.8698634020848,A
38,1,73.34446878422781,19.948156493046685,17.8,28.56,5,1,26770.73110624315,3.5600000000000005,867.0,85.84320496460958,141.0,508.0,0.999971070057662,1543.2600000000002,1543.8714594142532,B
38,2,103.24917853231106,27.084663038841015,17.8,28.56,5,1,37685.950164293536,3.5600000000000005,1029.0,119.70082592544985,197.0,713.0,1.0,1831.6200000000001,1831.192913716887,B
38,3,91.87185104052574,24.760640586834676,17.8,28.56,5,1,33533.225629791894,3.5600000000000005,971.0,107.26548198262373,176.0,635.0,1.0,1728.38,1726.73664417054,B
38,4,84.57447973713035,22.751238060615993,17.8,28.56,5,1,30869.685104052576,3.5600000000000005,931.0,98.69618426899989,162.0,585.0,0.9999920933824247,1657.18,1657.8778251370877,B
38,5,61.34830230010953,16.76523604313369,17.8,28.56,5,1,22392.130339539977,3.5600000000000005,793.0,71.89561803764934,118.0,425.0,1.0,1411.5400000000002,1411.8619381803264,B
38,6,61.31818181818182,16.894485383214114,17.8,28.56,5,1,22381.136363636364,3.5600000000000005,793.0,72.02109137819129,118.0,425.0,1.0,1411.5400000000002,1411.1687492835035,B
38,7,55.81982475355969,15.220961076057588,17.8,28.56,5,1,20374.23603504929,3.5600000000000005,757.0,65.37768056387759,108.0,387.0,1.0,1347.46,1345.7223272819874,B
38,8,98.94797371303396,26.35242763897201,17.8,28.56,5,1,36116.010405257395,3.5600000000000005,1007.0,115.16489792576355,189.0,684.0,1.0,1792.4600000000003,1793.247785762532,B
38,9,84.6434830230011,23.100197561249374,17.8,28.56,5,1,30894.8713033954,3.5600000000000005,932.0,99.15954243091701,163.0,586.0,0.9999921032474078,1658.9600000000003,1657.4501772207832,B
38,10,90.1013143483023,23.92502280207404,17.8,28.56,5,1,32886.979737130336,3.5600000000000005,961.0,104.7868332744644,172.0,623.0,1.0,1710.58,1711.0811517757718,B
39,1,39.69496166484118,11.78345935314825,99.47,140.0,9,3,14488.661007667031,19.894000000000002,270.0,124.22100894415796,204.0,561.0,0.9932169584513986,2685.6900000000005,2683.085371790191,B
39,2,56.164293537787515,15.769516491552615,99.47,140.0,9,3,20499.967141292444,19.894000000000002,321.0,175.00842742789558,288.0,793.0,0.9832944817410845,3192.987,3193.1412992667356,B
39,3,50.17305585980285,14.253119136608579,99.47,140.0,9,3,18313.16538882804,19.894000000000002,303.0,156.47486205425872,257.0,709.0,0.9870322763648384,3013.9410000000003,3021.9744866052874,B
39,4,46.168127053669224,13.248052531878413,99.47,140.0,9,3,16851.366374589266,19.894000000000002,291.0,144.09393347320486,237.0,653.0,0.9892584126644821,2894.577,2895.423775702623,B
39,5,33.232201533406354,10.114184981278843,99.47,140.0,9,3,12129.75355969332,19.894000000000002,247.0,104.21172491294902,171.0,470.0,0.9956945757073802,2456.909,2455.415700342777,B
39,6,33.369660460021905,10.030405260649657,99.47,140.0,9,3,12179.926067907994,19.894000000000002,247.0,104.5336760101268,172.0,472.0,0.9950550488423552,2456.909,2465.5720785238855,B
39,7,30.61062431544359,9.239526581250416,99.47,140.0,9,3,11172.87787513691,19.894000000000002,237.0,95.92399361912396,158.0,433.0,0.9954980469468372,2357.439,2357.1472310415425,B
39,8,53.74589266155531,15.108377322277466,99.47,140.0,9,3,19617.25082146769,19.894000000000002,314.0,167.48718276243588,275.0,759.0,0.9846327273939606,3123.358,3123.7660543738357,B
39,9,46.27437020810515,13.442633885051274,99.47,140.0,9,3,16890.145125958377,19.894000000000002,291.0,144.5620824950951,238.0,654.0,0.9888740424231696,2894.577,2902.086791401783,B
39,10,49.40087623220153,14.025076535781768,99.47,140.0,9,3,18031.31982475356,19.894000000000002,301.0,154.05954725071237,253.0,698.0,0.9877801283822657,2994.0470000000005,2995.2358512879664,B
40,1,26.44359255202629,8.208805497101118,52.93,93.63,8,1,9651.911281489596,10.586,302.0,35.19004814676275,58.0,270.0,0.9999829104378773,1598.486,1597.9985565380125,B
40,2,37.57064622124863,11.073091823924942,52.93,93.63,8,1,13713.28587075575,10.586,360.0,48.9127831738372,80.0,381.0,0.9998086233138668,1905.48,1904.6230376049652,B
40,3,33.56900328587076,10.26535083269662,52.93,93.63,8,1,12252.686199342827,10.586,340.0,44.38352626091761,73.0,342.0,1.0,1799.6200000000001,1801.8656175504154,B
40,4,30.555312157721797,9.45040155621639,52.93,93.63,8,1,11152.688937568457,10.586,325.0,40.59689418718775,67.0,311.0,1.0,1720.2250000000001,1715.798298087455,B
40,5,22.109529025191677,7.212245833985543,52.93,93.63,8,1,8069.978094194962,10.586,276.0,30.082606161609863,49.0,226.0,1.0,1460.8680000000002,1461.9525532961889,B
40,6,22.180175246440307,7.425823964942412,52.93,93.63,8,1,8095.763964950712,10.586,277.0,30.54673577371742,50.0,227.0,1.0,1466.161,1461.32923555067,B
40,7,20.39485213581599,6.80452354013572,52.93,93.63,8,1,7444.121029572837,10.586,265.0,28.042152529859173,46.0,209.0,1.0,1402.6450000000002,1404.5511376552522,B
40,8,35.995618838992335,10.536042899162517,52.93,93.63,8,1,13138.400876232203,10.586,352.0,46.73061282912908,77.0,365.0,0.9999250929315817,1863.1360000000002,1866.2501244648017,B
40,9,30.697152245345016,9.340426941392654,52.93,93.63,8,1,11204.46056955093,10.586,325.0,40.50016987067882,67.0,313.0,1.0,1720.2250000000001,1723.7631645462968,B
40,10,32.97809419496166,9.8495288467471,52.93,93.63,8,1,12037.004381161007,10.586,337.0,43.17013371249839,71.0,335.0,1.0,1783.741,1785.905694534274,B
41,1,20.00273822562979,6.684883224925373,14.67,33.19,10,3,7300.999452354874,2.934,499.0,63.622814037234534,105.0,305.0,1.0,732.033,731.5630713782439,B
41,2,28.069550930996716,8.513781479806589,14.67,33.19,10,3,10245.386089813801,2.934,591.0,88.40781614806093,145.0,426.0,1.0,866.997,866.7839331483757,B
41,3,24.98904709748083,7.956449299005421,14.67,33.19,10,3,9121.002190580504,2.934,558.0,79.07669143330085,130.0,380.0,1.0,818.586,817.2941030986115,B
41,4,23.168127053669224,7.407193282598089,14.67,33.19,10,3,8456.366374589266,2.934,537.0,73.34523927176392,121.0,353.0,1.0,787.779,787.3711708183674,B
41,5,16.830777656078862,5.922361168138805,14.67,33.19,10,3,6143.233844468785,2.934,458.0,53.85368424382918,89.0,257.0,1.0,671.886,670.6587166450638,B
41,6,16.60733844468784,5.902563253963172,14.67,33.19,10,3,6061.678532311062,2.934,455.0,53.203719246101805,88.0,254.0,1.0,667.4850000000001,666.1185200341827,B
41,7,15.471522453450165,5.359565468359591,14.67,33.19,10,3,5647.10569550931,2.934,439.0,49.41215926616483,81.0,236.0,1.0,644.013,643.1783252288508,B
41,8,27.03614457831325,8.433514825128434,14.67,33.19,10,3,9868.192771084337,2.934,580.0,85.38044123797746,140.0,410.0,1.0,850.8600000000001,850.7062733693393,B
41,9,23.191128148959475,7.506939119625288,14.67,33.19,10,3,8464.761774370209,2.934,537.0,73.51188456876038,121.0,353.0,1.0,787.779,788.1528653975986,B
41,10,24.65498357064622,7.837131137443303,14.67,33.19,10,3,8999.069003285871,2.934,554.0,78.00653933148392,128.0,375.0,1.0,812.7180000000001,812.1903432568475,B
42,1,33.10569550930997,9.623902912510415,67.61,104.08,13,2,12083.578860898138,13.522,299.0,74.75293904003459,123.0,553.0,0.9750559957038805,2021.539,2020.6653613542037,B
42,2,47.36801752464403,13.564916315369606,67.61,104.08,13,2,17289.32639649507,13.522,358.0,106.61616550607457,175.0,791.0,0.9565547554386397,2420.438,2414.7103905719373,B
42,3,41.7973713033954,12.325828264308907,67.61,104.08,13,2,15256.040525739321,13.522,336.0,94.67375318804932,156.0,699.0,0.9611000265849604,2271.696,2270.2441258540657,B
42,4,38.539978094194964,11.126509910751025,67.61,104.08,13,2,14067.092004381162,13.522,323.0,86.89481884627322,143.0,644.0,0.9674402736346697,2183.803,2177.56842173083,B
42,5,27.730558598028477,8.496685407891356,67.61,104.08,13,2,10121.653888280394,13.522,274.0,63.35971226736691,104.0,464.0,0.9793368768224093,1852.5140000000001,1847.0171328978822,B
42,6,27.893209200438115,8.686635169736418,67.61,104.08,13,2,10181.021358159911,13.522,274.0,63.97713400454059,105.0,468.0,0.9803534043051951,1852.5140000000001,1857.8506128029035,B
42,7,25.43592552026287,7.984402716044822,67.61,104.08,13,2,9284.112814895947,13.522,262.0,58.45258040330838,96.0,427.0,0.9850779500104646,1771.382,1771.777254751135,B
42,8,45.14403066812705,12.902311992759703,67.61,104.08,13,2,16477.571193866374,13.522,349.0,101.56790601228236,167.0,754.0,0.9556315687569193,2359.589,2360.6835521298526,B
42,9,38.643483023001096,11.421702664327869,67.61,104.08,13,2,14104.8713033954,13.522,323.0,87.57393398366881,144.0,646.0,0.9669534673416514,2183.803,2183.4166104327246,B
42,10,41.22289156626506,12.23774272167601,67.61,104.08,13,2,15046.355421686747,13.522,334.0,93.51052168778298,154.0,690.0,0.9622943271203481,2258.1740000000004,2252.4484164201717,B
43,1,46.24260679079956,13.34510376975674,11.01,16.53,11,3,16878.55147864184,2.202,876.0,145.61736807866652,240.0,749.0,1.0,964.4760000000001,963.3876414749908,B
43,2,65.78532311062432,17.806260968444878,11.01,16.53,11,3,24011.642935377877,2.202,1044.0,206.00259915196017,339.0,1063.0,1.0,1149.4440000000002,1149.9828992039213,B
43,3,58.19769989047097,15.954655443569925,11.01,16.53,11,3,21242.160460021903,2.202,982.0,182.43577441506727,300.0,940.0,1.0,1081.182,1081.5763981681214,B
43,4,54.01861993428258,15.189206097594358,11.01,16.53,11,3,19716.79627601314,2.202,946.0,169.70543154851413,279.0,873.0,1.0,1041.546,1042.1139680768044,B
43,5,39.1631982475356,11.375565424387142,11.01,16.53,11,3,14294.567360350493,2.202,806.0,123.39871656039058,203.0,634.0,1.0,887.406,886.7597618083431,B
43,6,39.034501642935375,11.368035610514049,11.01,16.53,11,3,14247.593099671412,2.202,804.0,123.02351578731601,202.0,631.0,1.0,885.204,886.0443469944908,B
43,7,35.426067907995616,10.562236146791626,11.01,16.53,11,3,12930.5147864184,2.202,766.0,111.90275127727539,184.0,574.0,1.0,843.366,844.0283803145169,B
43,8,62.9802847754655,17.260982848759195,11.01,16.53,11,3,22987.803943044906,2.202,1022.0,197.42341110300302,325.0,1018.0,1.0,1125.222,1124.6479424190268,B
43,9,54.15279299014239,15.341810911947285,11.01,16.53,11,3,19765.76944140197,2.202,947.0,170.2404407898908,280.0,876.0,1.0,1042.647,1043.5992313306215,B
43,10,57.94249726177437,16.032586033168553,11.01,16.53,11,3,21149.011500547644,2.202,980.0,181.7786534893386,299.0,936.0,1.0,1078.98,1079.031199007533,B
44,1,26.59419496166484,8.364186487527249,109.01,182.77,7,2,9706.881161007666,21.802000000000003,211.0,57.60835123333328,95.0,281.0,0.9995578456881452,2300.1110000000003,2300.2088059259872,B
44,2,37.785870755750274,11.121034628755176,109.01,182.77,7,2,13791.84282584885,21.802000000000003,252.0,81.0976571398882,133.0,398.0,0.997667326202413,2747.052,2736.476751160486,B
44,3,33.38608981380066,10.173745600877835,109.01,182.77,7,2,12185.92278203724,21.802000000000003,236.0,71.99346962801782,118.0,352.0,0.9981741231741231,2572.6360000000004,2581.763301279076,B
44,4,30.95235487404162,9.280790438527216,109.01,182.77,7,2,11297.609529025192,21.802000000000003,228.0,66.59673105447023,110.0,327.0,0.9988278206929692,2485.4280000000003,2477.5459493476296,B
44,5,22.41511500547645,7.405120140020437,109.01,182.77,7,2,8181.516976998905,21.802000000000003,194.0,48.92443308666843,80.0,237.0,0.9994938400332041,2114.7940000000003,2108.6383961337388,B
44,6,22.322562979189485,7.1889950297052865,109.01,182.77,7,2,8147.735487404162,21.802000000000003,193.0,48.5279179297795,80.0,236.0,1.0,2103.893,2110.8123024363113,B
44,7,20.44633077765608,6.8795205478133825,109.01,182.77,7,2,7462.910733844469,21.802000000000003,185.0,44.76052267178982,74.0,217.0,1.0,2016.6850000000004,2017.0029010390458,B
44,8,36.194414019715225,10.490386545576719,109.01,182.77,7,2,13210.961117196057,21.802000000000003,246.0,77.52728483605982,128.0,381.0,0.9985477068974613,2681.6460000000006,2685.1546986170847,B
44,9,30.968236582694413,9.330232425177504,109.01,182.77,7,2,11303.40635268346,21.802000000000003,228.0,66.67457812331298,110.0,327.0,0.9991499317039146,2485.4280000000003,2478.8171826060216,B
44,10,32.916757940854325,9.774872656761099,109.01,182.77,7,2,12014.61664841183,21.802000000000003,235.0,70.73110179785449,116.0,346.0,0.9991106580788163,2561.7350000000006,2556.3014145557086,B
45,1,72.72070098576123,19.7303404146561,39.63,59.17,3,2,26543.055859802847,7.926000000000001,579.0,149.40234404478602,246.0,464.0,1.0,2294.577,2292.1464473059455,B
45,2,103.38116100766703,27.366740257019277,39.63,59.17,3,2,37734.12376779847,7.926000000000001,690.0,212.12607859963418,349.0,659.0,1.0,2734.4700000000003,2734.356794768005,B
45,3,91.85104052573932,24.468570648929287,39.63,59.17,3,2,33525.629791894855,7.926000000000001,650.0,188.5274182485109,310.0,586.0,1.0,2575.9500000000003,2578.8945993765274,B
45,4,84.68729463307777,22.829642413576522,39.63,59.17,3,2,30910.862541073388,7.926000000000001,624.0,173.92909246952968,286.0,540.0,1.0,2472.9120000000003,2476.8319343808807,B
45,5,61.427163198247534,17.085230547237412,39.63,59.17,3,2,22420.91456736035,7.926000000000001,532.0,126.36811632248582,208.0,392.0,1.0,2108.3160000000003,2107.228812721837,B
45,6,61.14293537787513,17.187853211177128,39.63,59.17,3,2,22317.171412924425,7.926000000000001,531.0,125.85746334849982,207.0,390.0,1.0,2104.3530000000005,2101.428569955219,B
45,7,55.90580503833516,15.873503354610092,39.63,59.17,3,2,20405.618838992334,7.926000000000001,507.0,115.1422618945095,189.0,357.0,1.0,2009.241,2012.3884456599935,B
45,8,98.94140197152245,26.390458321464607,39.63,59.17,3,2,36113.611719605695,7.926000000000001,675.0,203.0935079405849,334.0,631.0,1.0,2675.025,2675.082349600422,B
45,9,85.09364731653888,23.252974313317864,39.63,59.17,3,2,31059.18127053669,7.926000000000001,626.0,174.88801473449655,288.0,543.0,1.0,2480.838,2480.7652771994162,B
45,10,90.69058050383352,24.329137815403847,39.63,59.17,3,2,33102.06188389923,7.926000000000001,646.0,186.21183208650297,306.0,578.0,1.0,2560.0980000000004,2562.079093181055,B
46,1,52.84501642935378,14.93241650978328,77.84,135.88,5,3,19288.430996714127,15.568000000000001,352.0,162.0131080094332,266.0,530.0,0.9999556002841582,2739.9680000000003,2739.833948396893,B
46,2,75.21960569550932,20.568588075171416,77.84,135.88,5,3,27455.1560788609,15.568000000000001,420.0,230.29814546782936,379.0,755.0,0.9989762018870528,3269.2800000000007,3268.4709617691547,B
46,3,66.74808324205915,18.246863018685044,77.84,135.88,5,3,24363.05038335159,15.568000000000001,396.0,204.3587521945488,336.0,670.0,1.0,3082.4640000000004,3076.1427251706555,B
46,4,61.42004381161008,17.072622101561816,77.84,135.88,5,3,22418.31599123768,15.568000000000001,379.0,188.17323976457064,310.0,617.0,0.9995414137921622,2950.1360000000004,2957.5614764165803,B
46,5,44.734939759036145,12.803118430992232,77.84,135.88,5,3,16328.253012048193,15.568000000000001,324.0,137.22438822961246,226.0,450.0,0.9999573481594476,2522.016,2519.7921314889186,B
46,6,44.539978094194964,12.931676762505742,77.84,135.88,5,3,16257.092004381162,15.568000000000001,323.0,136.71294070837612,225.0,448.0,0.9997632617493949,2514.232,2516.5777096565266,B
46,7,40.82858707557503,12.10224359941317,77.84,135.88,5,3,14902.434282584885,15.568000000000001,309.0,125.43955996410381,206.0,410.0,1.0,2405.2560000000003,2411.3971331043504,B
46,8,72.00492880613362,19.58046210490206,77.84,135.88,5,3,26281.79901423877,15.568000000000001,411.0,220.40726038993105,363.0,723.0,0.9995504795917735,3199.224,3197.299150150702,B
46,9,62.010952902519165,17.15556191518441,77.84,135.88,5,3,22633.997809419496,15.568000000000001,381.0,189.94681108677418,312.0,622.0,0.9992453157216262,2965.704,2970.340919871325,B
46,10,66.04654983570646,18.114991041085577,77.84,135.88,5,3,24106.990690032857,15.568000000000001,394.0,202.2376948268971,333.0,663.0,0.9999391392257834,3066.8960000000006,3059.2627779229515,B
47,1,19.81434830230011,6.554390521574377,40.36,69.23,12,2,7232.23713033954,8.072000000000001,299.0,45.672245575306476,75.0,313.0,0.9999255304523166,1206.764,1209.4042023979164,B
47,2,28.187842278203725,8.623592046243944,40.36,69.23,12,2,10288.56243154436,8.072000000000001,357.0,63.80136273281362,105.0,443.0,0.9988713318284425,1440.852,1440.9751304683978,B
47,3,25.120481927710845,7.956026198015487,40.36,69.23,12,2,9168.975903614459,8.072000000000001,337.0,57.30388017825577,94.0,395.0,0.9995232054984302,1360.132,1360.3821815451718,B
47,4,23.1144578313253,7.480351552549359,40.36,69.23,12,2,8436.777108433735,8.072000000000001,323.0,52.99604282907539,87.0,364.0,0.9996180739173864,1303.6280000000002,1306.0026483643553,B
47,5,16.69934282584885,5.873084145157863,40.36,69.23,12,2,6095.260131434829,8.072000000000001,275.0,39.10741121289127,64.0,264.0,1.0,1109.9,1108.2291148063327,B
47,6,16.708652792990144,5.753141049675685,40.36,69.23,12,2,6098.658269441403,8.072000000000001,275.0,38.908866545767566,64.0,265.0,1.0,1109.9,1108.846958080255,B
47,7,15.479189485213581,5.432207815765583,40.36,69.23,12,2,5649.904162102957,8.072000000000001,265.0,36.228825671287815,60.0,246.0,1.0,1069.54,1066.019653226973,B
47,8,27.150054764512596,8.33993150638815,40.36,69.23,12,2,9909.769989047098,8.072000000000001,350.0,61.50736041514935,101.0,427.0,0.9993102674583356,1412.6000000000001,1415.6814270067282,B
47,9,23.00328587075575,7.443374558194393,40.36,69.23,12,2,8396.199342825848,8.072000000000001,323.0,52.73945905268418,87.0,363.0,0.999512593788771,1303.6280000000002,1299.7212604993572,B
47,10,24.755750273822564,7.924820195777996,40.36,69.23,12,2,9035.848849945236,8.072000000000001,335.0,56.61291361610346,93.0,390.0,0.9993818681318681,1352.0600000000002,1348.634156708244,B
48,1,46.5460021905805,13.416420848807777,59.81,108.81,14,1,16989.290799561884,11.962000000000002,377.0,68.45827340371696,113.0,765.0,0.9440578608972479,2254.8370000000004,2253.221591453831,C
48,2,66.02847754654984,18.064276700011135,59.81,108.81,14,1,24100.394304490692,11.962000000000002,449.0,94.48922237397844,155.0,1079.0,0.9294570076033147,2685.4690000000005,2683.78555729295,C
48,3,58.700985761226725,16.47205584270759,59.81,108.81,14,1,21425.859802847754,11.962000000000002,423.0,85.1140790993689,140.0,962.0,0.9347840157162546,2529.963,2532.6075417077723,C
48,4,53.76560788608981,15.28128374753698,59.81,108.81,14,1,19624.44687842278,11.962000000000002,405.0,78.48558754942906,129.0,882.0,0.9373696369362706,2422.305,2422.7712195583676,C
48,5,39.28148959474261,11.462465592145742,59.81,108.81,14,1,14337.743702081052,11.962000000000002,346.0,58.15899817824945,96.0,646.0,0.9518263404595861,2069.4260000000004,2071.9282806475508,C
48,6,39.052573932092,11.413545255048998,59.81,108.81,14,1,14254.189485213581,11.962000000000002,345.0,57.8694197721753,95.0,642.0,0.9522126184689285,2063.445,2065.8245630744323,C
48,7,35.62431544359255,10.650057055459854,59.81,108.81,14,1,13002.875136911282,11.962000000000002,330.0,53.45113529952651,88.0,587.0,0.9575004649667272,1973.73,1970.1325965017095,C
48,8,62.73713033953998,17.534683009786256,59.81,108.81,14,1,22899.052573932095,11.962000000000002,438.0,90.77697416631622,149.0,1027.0,0.9310671956457122,2619.6780000000003,2614.0470974808327,C
48,9,53.976998904709745,15.206217797362376,59.81,108.81,14,1,19701.604600219056,11.962000000000002,406.0,78.42654682293822,129.0,885.0,0.9372606969745889,2428.286,2426.305985248652,C
48,10,57.814895947426066,15.898538484224654,59.81,108.81,14,1,21102.437020810514,11.962000000000002,420.0,82.95330949692674,136.0,945.0,0.935297717764216,2512.0200000000004,2512.194883429823,C
49,1,26.461664841182913,8.299193442867072,46.56,113.87,10,2,9658.507667031763,9.312000000000001,322.0,59.07321679652854,97.0,362.0,0.999927470070738,1499.2320000000002,1499.7682712782241,C
49,2,37.71193866374589,11.18498209714685,46.56,113.87,10,2,13764.85761226725,9.312000000000001,384.0,83.30545910231504,137.0,514.0,0.9978492381477234,1787.9040000000002,1792.2991682639647,C
49,3,33.25958378970427,10.157147622569735,46.56,113.87,10,2,12139.748083242059,9.312000000000001,361.0,73.86796419100892,122.0,455.0,0.9990057457076283,1680.816,1681.4055516955762,C
49,4,30.840635268346112,9.391007790553711,46.56,113.87,10,2,11256.831872946332,9.312000000000001,348.0,68.45793897162712,113.0,421.0,0.9997150893085437,1620.2880000000002,1617.3609012853924,C
49,5,22.37185104052574,7.33557715066888,46.56,113.87,10,2,8165.725629791896,9.312000000000001,296.0,50.39946227145727,83.0,307.0,1.0,1378.1760000000002,1379.3455455729554,C
49,6,22.181270536692224,7.05372725536444,46.56,113.87,10,2,8096.163745892662,9.312000000000001,295.0,49.65466475990382,82.0,304.0,1.0,1373.5200000000002,1372.2311433716377,C
49,7,20.40635268346112,6.827121028596754,46.56,113.87,10,2,7448.318729463308,9.312000000000001,283.0,46.171124469285814,76.0,280.0,1.0,1317.6480000000001,1315.9573726966976,C
49,8,36.03504928806134,10.776274214345829,46.56,113.87,10,2,13152.792990142389,9.312000000000001,376.0,79.72063702831149,131.0,491.0,0.9979042363697512,1750.6560000000002,1749.041621029573,C
49,9,31.052573932092006,9.61947091936473,46.56,113.87,10,2,11334.189485213583,9.312000000000001,349.0,69.15483785619917,114.0,425.0,0.9996988082969243,1624.9440000000002,1623.809381835757,C
49,10,33.032311062431546,10.091610340218422,46.56,113.87,10,2,12056.793537787515,9.312000000000001,360.0,73.36852383065224,121.0,451.0,0.9997651751317062,1676.1600000000003,1674.5546580260439,C
50,1,59.34282584884995,16.380064579440493,19.75,45.12,13,1,21660.13143483023,3.95,741.0,83.72308930559878,138.0,909.0,0.994623807934973,1463.4750000000001,1461.5473302854407,C
50,2,84.62212486308871,22.877772500961928,19.75,45.12,13,1,30887.075575027382,3.95,884.0,118.17362728722168,194.0,1294.0,0.9769012026199653,1745.9,1747.0065370490602,C
50,3,74.95837897042716,19.909890662500903,19.75,45.12,13,1,27359.808324205915,3.95,832.0,103.78828102623054,171.0,1145.0,0.9835727300763855,1643.2,1644.2192502527594,C
50,4,68.92168674698796,18.84011751708134,19.75,45.12,13,1,25156.415662650605,3.95,798.0,96.77060126296928,159.0,1055.0,0.9879356133689163,1576.0500000000002,1576.2165202162032,C
50,5,50.31927710843374,14.29042905010363,19.75,45.12,13,1,18366.536144578313,3.95,682.0,72.01973590887388,118.0,772.0,0.9988646249247173,1346.95,1346.5202452036885,C
50,6,50.516429353778754,14.141942032443026,19.75,45.12,13,1,18438.496714129244,3.95,683.0,71.77630843455272,118.0,775.0,0.9985860225213709,1348.9250000000002,1349.8167433476751,C
50,7,45.8236582694414,13.334992959873242,19.75,45.12,13,1,16725.635268346112,3.95,651.0,66.41907964819177,109.0,705.0,0.9998111963043516,1285.7250000000001,1284.611003713219,C
50,8,80.97207009857613,21.771158193403636,19.75,45.12,13,1,29554.805585980284,3.95,865.0,112.77526064752593,185.0,1238.0,0.9792942681516343,1708.375,1708.3702650855657,C
50,9,69.30832420591457,18.910393075926923,19.75,45.12,13,1,25297.53833515882,3.95,800.0,97.22387755048143,160.0,1061.0,0.9876210450294763,1580.0,1581.0961459474263,C
50,10,74.03723986856517,19.937566492372508,19.75,45.12,13,1,27023.592552026286,3.95,827.0,103.19446756801709,170.0,1132.0,0.9842300416650325,1633.325,1633.8326815009846,C
